Timestamp,Request Date,Email Address,Staff,Payt Date,"Payt Date 
(MM YYYY)",Select Supplier,Supplier Invoice Number,Sunshine Invoice Number,Select Customer,Currency of Advance Deposit,"Currency
 (not to be used)","Rate 
(not to be used)",Deposit Amount,Deposit (%) - Form Entry,Dep %,Vertical/ Category,Total Supplier Proforma Invoice Amount ,Estimated Shipment Date,Est ETD,Cancellation,Remarks Merchandiser,Payt Status - Yogesh to Enter,Bank,Grace ETD (10 days grace),Ship Date,Remarks Charlie,"ETD (Grace) 
Overdue Days",Payt to Ship date,Payt to Req,"Actual ETD Overdue Days
",Cost of Fund Applicability,Today - Payment date,
12/8/2025 18:59:56,08-Dec-2025,robin@sunshineltd.com,Robin,16-Dec-2025,Dec-2025,"DINGZHOU CITY RUILI NAILS PRODUCTS CO., LTD.",JTMWR20251121S,2586/2447/2025-26,Fronext,USD,,,"6,955.43",0.10,10,Hardware - Building Material,"69,554.25",1/31/2026,31-Jan-2026,,,Payment Processed,SCB,10-Feb-2026,31-Mar-2026,,,105,7,59,135,231,
12/8/2025 19:01:07,08-Dec-2025,robin@sunshineltd.com,Robin,16-Dec-2025,Dec-2025,"NANJING KERUN IMPORT & EXPORT TRADING CO., LTD.",2587/2448/2025-26,2587/2448/2025-26,Fabfer,USD,,,"4,742.40",1.00,100,Hardware - Building Material,"4,742.40",12/31/2025,31-Dec-2025,,,Payment Processed,SCB,10-Jan-2026,23-Feb-2026,CHANGE TO FILE 2319,,69,7,54,84,231,
12/9/2025 18:47:24,09-Dec-2025,joey@sunshineltd.com,Joey,05-Jan-2026,Jan-2026,UNTAS GIDA SANAYU VE TICARET A.S.,25-246,2598/2460/2025-26,Cotonou,USD,,,"6,164.00",0.20,20,Food,"30,820.00",1/16/2026,16-Jan-2026,,,Payment Processed,DBS,26-Jan-2026,25-Feb-2026,,,51,26,40,81,211,
12/9/2025 19:03:08,09-Dec-2025,joey@sunshineltd.com,Joey,05-Jan-2026,Jan-2026,"MITTO RUBBER TECHNOLOGY CO., LTD",MT251204-SUN001,2398/2341+2416+2342+2403/2025-26,Cotonou,USD,,,"49,059.00",0.30,30,Automobile,"163,530.00",1/16/2026,16-Jan-2026,,,Payment Processed,DBS,26-Jan-2026,8-Feb-2026,,,34,26,23,371,211,
12/10/2025 10:36:58,10-Dec-2025,anil@sunshineltd.com,Anil,12-Dec-2025,Dec-2025,"XING WAN YANG INTERNATIONAL TRADE CO., LIMITED",XWY-25CN016001,2618/2463/2025-26,Point Noire,USD,,,"8,424.00",0.30,30,Frozen,"28,080.00",1/15/2026,15-Jan-2026,,,Payment Processed,CITI,25-Jan-2026,25-Jan-2026,,,44,2,10,28,235,
12/10/2025 10:37:56,10-Dec-2025,anil@sunshineltd.com,Anil,12-Dec-2025,Dec-2025,"XING WAN YANG INTERNATIONAL TRADE CO., LIMITED",XWY25CN016002,2619/2464/2025-26,Point Noire,USD,,,"8,424.00",0.30,30,Frozen,"28,080.00",1/30/2026,30-Jan-2026,,,Payment Processed,CITI,09-Feb-2026,4-Feb-2026,,,54,2,5,14,235,
12/10/2025 12:51:29,10-Dec-2025,joey@sunshineltd.com,Joey,19-Dec-2025,Dec-2025,JINJIANG XIEXIANG TRADE CORP. LTD.,XXH108Y251222,2508/2411/2025-26,Lome,USD,,,"8,217.00",0.30,30,Food,"27,390.00",1/30/2026,30-Jan-2026,,,Payment Processed,CITI,09-Feb-2026,25-Feb-2026,,,68,8,26,70,228,
12/10/2025 13:02:58,10-Dec-2025,joey@sunshineltd.com,Joey,12-Dec-2025,Dec-2025,AAB (CHINA) CO LTD,25863(PO2459/2025-26),2579/7166+2459/2025-26,Brazzavile,USD,,,"7,446.13",1.00,100,Commodities,"7,446.13",12/31/2025,31-Dec-2025,,,Payment Processed,CITI,10-Jan-2026,31-Dec-2025,,,19,1,0,0,235,
12/10/2025 14:52:22,10-Dec-2025,yogesh.tulsiani@sunshineltd.com,Yogesh.Tulsiani,16-Dec-2025,Dec-2025,"SELLWELL BUSINESS SERVICE ZONGSHAN CO., LTD.",SAPI11062025,2369/2327-2025-2026,Fizzen,USD,,,"19,317.15",0.10,10,White Goods,"193,171.50",1/31/2026,31-Jan-2026,,,Payment Processed,SCB,10-Feb-2026,8-Feb-2026,,,54,5,8,51,231,
12/11/2025 10:49:23,11-Dec-2025,yogesh.tulsiani@sunshineltd.com,Yogesh.Tulsiani,16-Dec-2025,Dec-2025,"TAIZHOU HONGYI IMPORT & EXPORT CO., LTD.",20251208,2622/2450/2025-2026,Mali,RMB,,,"17,640.61",0.30,30,White Goods,"58,802.04",12/22/2025,22-Dec-2025,,,Payment Processed,DBS,01-Jan-2026,31-Dec-2025,,,15,5,9,52,231,
12/11/2025 11:06:58,11-Dec-2025,anil@sunshineltd.com,Anil,12-Dec-2025,Dec-2025,MIR-KAR SPOLKA Z OGRANICZONA ODPOWIEDZIALNOSCIA SPOLKA,102/12/2025,2627/2471/2025-26,Point Noire,EUR,,,"5,832.00",0.30,30,Frozen,"19,440.00",1/15/2026,15-Jan-2026,,,Payment Processed,DBS,25-Jan-2026,23-Dec-2025,,,11,1,-23,-44,235,
12/11/2025 11:12:01,11-Dec-2025,robin@sunshineltd.com,Robin,16-Dec-2025,Dec-2025,SHANDONG GANQUAN IMPORT AND EXPORT CO LTD.,2623/2467/2025-26,2623/2467/2025-26,Conakry,USD,,,"10,272.80",0.08,8,Hardware - Raw Material,"128,410.00",1/31/2026,31-Jan-2026,,,Payment Processed,DBS,10-Feb-2026,23-Dec-2025,,,7,5,-39,-132,231,
12/11/2025 11:39:27,11-Dec-2025,robin@sunshineltd.com,Robin,16-Dec-2025,Dec-2025,YIWU ZHONGYONG TRADING COMPNAY,ZY0009,2628/2472/2025-26,Fabfer,RMB,,,"5,202.00",0.30,30,Hardware - Building Material,"17,340.00",12/30/2025,30-Dec-2025,,,Payment Processed,SCB,09-Jan-2026,6-Feb-2026,,,52,5,38,65,231,
12/15/2025 10:22:18,15-Dec-2025,robin@sunshineltd.com,Robin,16-Dec-2025,Dec-2025,TANGSHAN SANFA HARDWARE FACTORY,TSSF25083,2637/2474/2025-26,Fronext,USD,,,"7,384.14",0.10,10,Hardware - Building Material,"73,841.40",1/31/2026,31-Jan-2026,,,Payment Processed,SCB,10-Feb-2026,27-Jan-2026,,,42,1,-4,-10,231,
12/15/2025 12:40:51,15-Dec-2025,robin@sunshineltd.com,Robin,16-Dec-2025,Dec-2025,TUNG YUEN PLASTIC MANUFACTORY LIMITED,2647/2483/2025-26,2647/2483/2025-26,Fronext,USD,,,"2,465.70",0.30,30,Hardware - Building Material,"8,219.00",1/31/2026,31-Jan-2026,,,Payment Processed,SCB,10-Feb-2026,23-Feb-2026,CHANGE TO FILE 2319,,69,0,23,19,231,
12/15/2025 14:24:24,15-Dec-2025,robin@sunshineltd.com,Robin,16-Dec-2025,Dec-2025,"JIANGSU NEW VICTOR INDUSTRIAL CO., LTD",AO(SUNSHINE)-20251205,2648/2484/2025-26,Fabfer,USD,,,"4,709.00",1.00,100,Hardware - Building Material,"4,709.00",12/31/2025,31-Dec-2025,,Deposit move to file 2930,Payment Processed,SCB,10-Jan-2026,23-Feb-2026,,,69,0,54,84,231,
12/15/2025 14:25:22,15-Dec-2025,robin@sunshineltd.com,Robin,16-Dec-2025,Dec-2025,"JIANGSU NEW VICTOR INDUSTRIAL CO., LTD",AO(SUNSHINE)-20251121,2649/2485/2025-26,Fabfer,USD,,,"9,716.00",1.00,100,Hardware - Building Material,"9,716.00",12/31/2025,31-Dec-2025,,Deposit move to file 2930,Payment Processed,SCB,10-Jan-2026,23-Feb-2026,,,69,0,54,172,231,
12/16/2025 10:33:58,16-Dec-2025,ulrica@sunshineltd.com,Ulrica,19-Dec-2025,Dec-2025,"Zhejiang Baofang Printing And Dyeing Co., Ltd",7169+7170,2651/7169+7170/2025-26,Lome,USD,,,"10,000.00",0.09,9,Textile,"109,197.00",1/16/2026,16-Jan-2026,,,Payment Processed,CITI,26-Jan-2026,2-Feb-2026,,,45,3,17,56,228,
12/16/2025 12:36:51,16-Dec-2025,robin@sunshineltd.com,Robin,19-Dec-2025,Dec-2025,"SHIJIAZHUANG SUNSHINE IMP&EXP TRADE CO., LTD.",2025SS06165,2499/2399/2025-26,Mozambique,USD,,,"21,652.00",1.00,100,Hardware - Building Material,"21,652.00",11/14/2025,14-Nov-2025,,,Payment Processed,DBS,24-Nov-2025,14-Nov-2025,,,,2,0,0,228,
12/16/2025 12:51:38,16-Dec-2025,robin@sunshineltd.com,Robin,07-Jan-2026,Jan-2026,"QINGDAO AIERSANG INTERNATIONAL TRADE CO., LTD.",25YK1192,2661/2489/2025-26,Fronext,USD,,,"3,744.20",0.10,10,Hardware - Building Material,"37,442.00",1/31/2026,31-Jan-2026,,,Payment Processed,DBS,10-Feb-2026,30-Jan-2026,,,23,21,-1,-1,209,
12/17/2025 10:52:37,17-Dec-2025,yogesh.tulsiani@sunshineltd.com,Yogesh.Tulsiani,24-Dec-2025,Dec-2025,"NINGBO HAILANG ELECTRIC APPLIANCE CO., LTD.",20251215A,2667/2450-2025/2026,Lome,USD,,,"2,256.30",0.15,15,White Goods,"15,042.00",1/20/2026,20-Jan-2026,,,Payment Processed,DBS,30-Jan-2026,5-Apr-2026,FILE CHANGED TO 290/2494/2026-27,,102,7,75,56,223,
12/17/2025 11:56:15,17-Dec-2025,anil@sunshineltd.com,Anil,19-Dec-2025,Dec-2025,ALLANASONS PRIVATE LIMITED,127152,2668/2492/2025-26,Point Noire,USD,,,"16,552.50",0.30,30,Frozen,"55,175.00",1/15/2026,15-Jan-2026,,,Payment Processed,DBS,25-Jan-2026,29-Dec-2025,,,10,2,-17,-93,228,
12/18/2025 15:23:13,18-Dec-2025,yogesh.tulsiani@sunshineltd.com,Yogesh.Tulsiani,24-Dec-2025,Dec-2025,"NINGBO HAILANG ELECTRIC APPLIANCE CO., LTD.",HL20251218A,2694/2495-2025.2026,Lome,USD,,,"2,587.50",0.15,15,White Goods,"17,250.00",1/31/2026,31-Jan-2026,,,Payment Processed,DBS,10-Feb-2026,12-Feb-2026,,,50,5,12,10,223,
12/22/2025 12:13:07,22-Dec-2025,joey@sunshineltd.com,Joey,07-Jan-2026,Jan-2026,SHIJIAZHUANG ZHONGYA CANDLE CO LTD.,ZY251219,2639/2476/2025-26,Mali,USD,,,"3,810.00",0.20,20,Sundry,"19,050.00",3/15/2026,15-Mar-2026,,,Payment Processed,DBS,25-Mar-2026,4-May-2026,CHANGE TO 237/2476/2026-27,,117,15,50,63,209,
12/22/2025 12:17:24,22-Dec-2025,joey@sunshineltd.com,Joey,07-Jan-2026,Jan-2026,HONG KONG SHUANG QI FOOD LIMITED,PO2477,2640/2477/2025-26,Mali,USD,,,"12,972.00",0.30,30,Food,"43,240.00",3/20/2026,20-Mar-2026,,,Payment Processed,DBS,30-Mar-2026,21-Mar-2026,,,73,15,1,4,209,
12/22/2025 12:18:36,22-Dec-2025,joey@sunshineltd.com,Joey,07-Jan-2026,Jan-2026,HONG KONG SHUANG QI FOOD LIMITED,PO2478,006/2478/2026-27,Mali,USD,,,"12,972.00",0.30,30,Food,"43,240.00",4/20/2026,20-Apr-2026,,,Payment Processed,DBS,30-Apr-2026,2-Apr-2026,,,85,15,-18,-77,209,
12/22/2025 12:21:21,22-Dec-2025,joey@sunshineltd.com,Joey,07-Jan-2026,Jan-2026,"HENAN TIANCHENG METAL MATERIAL CO., LTD.",TCR25121502,2638/2475/2025-26,Brazzavile,USD,,,"10,206.00",0.15,15,Sundry,"68,040.00",3/10/2026,10-Mar-2026,,,Payment Processed,DBS,20-Mar-2026,30-Mar-2026,,,82,15,20,67,209,
12/22/2025 15:39:48,22-Dec-2025,robin@sunshineltd.com,Robin,24-Dec-2025,Dec-2025,"SHIJIAZHUANG SUNSHINE IMP&EXP TRADE CO., LTD.",2025SS06156,2663/2491/2025-26,Mozambique,USD,,,"19,227.15",1.00,100,Hardware - Building Material,"19,227.15",10/13/2025,13-Oct-2025,,,Payment Processed,DBS,23-Oct-2025,13-Oct-2025,,,,1,0,0,223,
12/22/2025 15:42:41,22-Dec-2025,robin@sunshineltd.com,Robin,24-Dec-2025,Dec-2025,"SHIJIAZHUANG SUNSHINE IMP&EXP TRADE CO., LTD.",2025SS06161,2662/2490/2025-26,Mozambique,USD,,,"19,108.90",1.00,100,Hardware - Building Material,"19,108.90",10/31/2025,31-Oct-2025,,,Payment Processed,DBS,10-Nov-2025,31-Oct-2025,,,,1,0,0,223,
12/23/2025 10:31:46,23-Dec-2025,anil@sunshineltd.com,Anil,07-Jan-2026,Jan-2026,ALLANASONS PRIVATE LIMITED,127257,2697/2497/2025-26,Point Noire,USD,,,"14,437.50",0.30,30,Frozen,"48,125.00",1/15/2026,15-Jan-2026,,,Payment Processed,DBS,25-Jan-2026,7-Jan-2026,,,,15,-8,-38,209,
12/23/2025 11:33:06,23-Dec-2025,robin@sunshineltd.com,Robin,06-Jan-2026,Jan-2026,"CHANGZHOU YARMAX POWER CO.,LTD.",YM2510C180,2054/2164/2025-26,Fronext,USD,,,"94,197.60",0.70,70,Hardware - Engine & Generator,"134,568.00",1/3/2026,03-Jan-2026,,Goods are ready to be shipped. Balance to be arranged ASAP.,Payment Processed,DBS,13-Jan-2026,15-Jan-2026,,,9,14,12,372,210,
12/23/2025 11:44:50,23-Dec-2025,robin@sunshineltd.com,Robin,18-Nov-2025,Nov-2025,"NINGBO FATE FASTENERS CO., LTD.",PAT20251013A,2087/2186/2025-26,Fronext,USD,,,"4,928.00",0.70,70,Hardware - Building Material,"7,040.00",1/3/2026,03-Jan-2026,Cancelled,Paid already,Payment Processed,DBS,13-Jan-2026,23-Mar-2026,,,125,-35,79,128,259,
12/23/2025 16:03:15,23-Dec-2025,robin@sunshineltd.com,Robin,24-Dec-2025,Dec-2025,"TIGER INDUSTRIAL GROUP CO., LTD.",TDGA002-25,1808/2058/2025-26,Dicam,USD,,,"136,769.85",0.70,70,Hardware - Engine & Generator,"195,385.50",1/3/2026,03-Jan-2026,,Goods are ready to be shipped. Balance to be arranged ASAP.,Payment Processed,DBS,13-Jan-2026,4-Dec-2025,,,,0,-30,"-1,349",223,
12/23/2025 16:05:28,23-Dec-2025,robin@sunshineltd.com,Robin,24-Dec-2025,Dec-2025,"TIGER INDUSTRIAL GROUP CO., LTD.",TDGA004-25,2089/2188/2025-26,Dicam,USD,,,"136,810.10",0.70,70,Hardware - Engine & Generator,"195,443.00",1/3/2026,03-Jan-2026,,Goods are ready to be shipped. Balance to be arranged ASAP.,Payment Processed,DBS,13-Jan-2026,4-Dec-2025,,,,0,-30,"-1,349",223,
12/23/2025 16:06:25,23-Dec-2025,robin@sunshineltd.com,Robin,24-Dec-2025,Dec-2025,"TIGER INDUSTRIAL GROUP CO., LTD.",TDGA003-25,2088/2187/2025-26,Dicam,USD,,,"137,208.40",0.70,70,Hardware - Engine & Generator,"196,012.00",1/3/2026,03-Jan-2026,,Goods are ready to be shipped. Balance to be arranged ASAP.,Payment Processed,DBS,13-Jan-2026,1-Jan-2026,,,8,0,-2,-90,223,
12/23/2025 16:22:21,23-Dec-2025,robin@sunshineltd.com,Robin,24-Dec-2025,Dec-2025,"GUANGZHOU ATLANTIC IMPORT AND EXPORT CO., LTD,",TA250154-1,2398/2341/2025-26,Cotonou,USD,,,"8,645.00",1.00,100,Hardware - Building Material,"8,645.00",1/3/2026,03-Jan-2026,,Inv changed to #2708,Payment Processed,DBS,13-Jan-2026,8-Feb-2026,,,46,0,36,102,223,
12/24/2025 10:52:14,24-Dec-2025,robin@sunshineltd.com,Robin,24-Dec-2025,Dec-2025,"EAGLE POWER MACHINERY (SHANGHAI) CO., LTD.",YC3302-25004,1810/2060/2025-26,Dicam,USD,,,"38,752.00",0.70,70,Hardware - Engine & Generator,"55,360.00",1/3/2026,03-Jan-2026,,Goods are ready to be shipped. Balance to be arranged ASAP.,Payment Processed,SCB,13-Jan-2026,30-Dec-2025,,,6,0,-4,-51,223,
12/24/2025 15:58:58,24-Dec-2025,yogesh.tulsiani@sunshineltd.com,Yogesh.Tulsiani,06-Jan-2026,Jan-2026,"NINGBO HAILANG ELECTRIC APPLIANCE CO., LTD.",20251223A,2753/2509-2025-2026,Lome,USD,,,"2,256.30",0.15,15,White Goods,"15,042.00",1/31/2026,31-Jan-2026,,,Payment Processed,DBS,10-Feb-2026,5-Apr-2026,CHANGE TO 291/2509/2026-27,,89,12,64,47,210,
12/24/2025 19:29:44,24-Dec-2025,joey@sunshineltd.com,Joey,07-Jan-2026,Jan-2026,"ZHEJIANG DINGDIAN INDUSTRY CO., LTD",2354/2501/2025-26,2354/2501/2025-26,Lome,USD,,,"8,067.00",0.30,30,Food,"26,890.00",1/31/2026,31-Jan-2026,,,Payment Processed,DBS,10-Feb-2026,31-Mar-2026,,,83,13,59,156,209,
12/29/2025 15:22:09,29-Dec-2025,ulrica@sunshineltd.com,Ulrica,07-Jan-2026,Jan-2026,TONGXIANG GOETHE TEXTILE CO LTD.,7172+7174,2701/7172+7174/2025-26,Lome,USD,,,"5,026.00",0.07,7,Textile,"71,800.00",1/31/2026,31-Jan-2026,,,Payment Processed,DBS,10-Feb-2026,5-Feb-2026,,,29,8,5,8,209,
12/29/2025 15:25:04,29-Dec-2025,ulrica@sunshineltd.com,Ulrica,07-Jan-2026,Jan-2026,TONGXIANG GOETHE TEXTILE CO LTD.,7173+7175,2702/7173+7175/2025-26,Lome,USD,,,"5,370.00",0.08,8,Textile,"67,125.00",2/6/2026,06-Feb-2026,,,Payment Processed,DBS,16-Feb-2026,30-Jan-2026,,,23,8,-7,-12,209,
12/30/2025 10:54:53,30-Dec-2025,ulrica@sunshineltd.com,Ulrica,07-Jan-2026,Jan-2026,Sichuan Cotton and Ramie Group Corporation,7177,2761/7177/2025-26,Lome,USD,,,"10,233.60",0.10,10,Textile,"102,336.00",1/29/2026,29-Jan-2026,,,Payment Processed,DBS,08-Feb-2026,21-Mar-2026,,,73,8,51,172,209,
12/30/2025 10:55:58,30-Dec-2025,ulrica@sunshineltd.com,Ulrica,07-Jan-2026,Jan-2026,Sichuan Cotton and Ramie Group Corporation,7176,2760/7176/2025-26,Lome,USD,,,"10,233.60",0.10,10,Textile,"102,336.00",1/29/2026,29-Jan-2026,,,Payment Processed,DBS,08-Feb-2026,14-Mar-2026,,,66,8,44,148,209,
12/30/2025 11:32:22,30-Dec-2025,anil@sunshineltd.com,Anil,07-Jan-2026,Jan-2026,RDM IC  VE DIS TICARET MUMESSILLIK LTD. STI,2025EX0409,2768/2511/2025-26,Point Noire,USD,,,"30,855.00",0.30,30,Frozen,"102,850.00",1/31/2026,31-Jan-2026,,,Payment Processed,DBS,10-Feb-2026,20-Jan-2026,,,13,8,-11,-112,209,
12/30/2025 18:12:16,30-Dec-2025,joey@sunshineltd.com,Joey,07-Jan-2026,Jan-2026,"FOTON INTERNATIONAL TRADE CO., LTD. BEIJING",FTBV2590181CG,2646/2507/2025-26,Point Noire,RMB,,,"244,000.00",0.20,20,Automobile,"1,220,000.00",2/28/2026,28-Feb-2026,,,Payment Processed,DBS,10-Mar-2026,7-Jul-2026,CHANGE TO 305/2026-27,,181,7,129,"10,348",209,
12/30/2025 18:13:27,30-Dec-2025,joey@sunshineltd.com,Joey,07-Jan-2026,Jan-2026,"FOTON INTERNATIONAL TRADE CO., LTD. BEIJING",FTBV2590181CG,2646/2507/2025-26,Point Noire,RMB,,,"25,376.00",1.00,100,Automobile,"25,376.00",2/28/2026,28-Feb-2026,,,Payment Processed,DBS,10-Mar-2026,7-Jul-2026,CHANGE TO 305/2026-27,,181,7,129,"1,076",209,
12/30/2025 19:24:44,30-Dec-2025,joey@sunshineltd.com,Joey,07-Jan-2026,Jan-2026,HOBI KOZMETIK IMALAT SAN. VE TIC. .A.S,2025-305,2769/2512/2025-26,SKTN,USD,,,"11,215.42",0.50,50,Sundry,"22,430.84",1/31/2026,31-Jan-2026,,,Payment Processed,DBS,10-Feb-2026,15-Jan-2026,,,8,7,-16,-59,209,
12/30/2025 19:32:08,30-Dec-2025,joey@sunshineltd.com,Joey,07-Jan-2026,Jan-2026,AFRINEXT OVERSEAS PRIVATE LIMITED,IN/FRO/007/25-26,2770/2513/2025-26,Fronext,USD,,,"103,292.78",1.00,100,Hardware - Raw Material,"103,292.78",1/31/2026,31-Jan-2026,,,Payment Processed,DBS,10-Feb-2026,1-Jan-2026,,,,7,-30,"-1,019",209,
12/31/2025 15:25:41,31-Dec-2025,robin@sunshineltd.com,Robin,07-Jan-2026,Jan-2026,"HONGKONG GLEE INDUSTRIAL CO., LTD",2660/2488/2025-26,2660/2488/2025-26,Fronext,USD,,,"3,716.00",0.20,20,Hardware - Building Material,"18,580.00",1/31/2026,31-Jan-2026,,,Payment Processed,DBS,10-Feb-2026,30-Jan-2026,,,23,6,-1,-1,209,
1/2/2026 11:13:23,02-Jan-2026,yogesh.tulsiani@sunshineltd.com,Yogesh.Tulsiani,05-Jan-2026,Jan-2026,JU YUEN (HONG KONG) INTERNATIONAL LIMITED,JPQR-02-12,2822/2517-2025.2026,Fizzen,RMB,,,"243,849.90",0.10,10,White Goods,"2,438,499.00",2/10/2026,10-Feb-2026,,,Payment Processed,DBS,20-Feb-2026,17-Feb-2026,,,43,3,7,561,211,
1/2/2026 11:16:15,02-Jan-2026,yogesh.tulsiani@sunshineltd.com,Yogesh.Tulsiani,05-Jan-2026,Jan-2026,JU YUEN (HONG KONG) INTERNATIONAL LIMITED,JPQR-02-12,2823/2518-2025.2026,Fizzen,RMB,,,"248,349.90",0.10,10,White Goods,"2,483,499.00",2/28/2026,28-Feb-2026,,,Payment Processed,DBS,10-Mar-2026,1-Apr-2026,CHANGE TO 286/2518/2026-27,,86,3,32,"2,613",211,
1/2/2026 14:19:20,02-Jan-2026,ulrica@sunshineltd.com,Ulrica,07-Jan-2026,Jan-2026,HITARGET HONG KONG LIMITED,7185,007/7185/2026-27,Lome,USD,,,"30,294.00",0.27,27,Textile,"112,200.00",1/5/2026,05-Jan-2026,,shipment: MID OF JULY 26,Payment Processed,DBS,15-Jan-2026,5-Jul-2026,,,179,4,181,"1,803",209,
1/2/2026 14:20:07,02-Jan-2026,ulrica@sunshineltd.com,Ulrica,07-Jan-2026,Jan-2026,HITARGET HONG KONG LIMITED,7186,008/7186/2026-27,Lome,USD,,,"30,294.00",0.27,27,Textile,"112,200.00",1/5/2026,05-Jan-2026,,SHIPMENT:FIRST OG AUG 26,Payment Processed,DBS,15-Jan-2026,24-Jul-2026,,,198,4,200,"1,992",209,
1/2/2026 14:20:57,02-Jan-2026,ulrica@sunshineltd.com,Ulrica,07-Jan-2026,Jan-2026,HITARGET HONG KONG LIMITED,7187,009/7187/2026-27,Lome,USD,,,"30,294.00",0.27,27,Textile,"112,200.00",1/5/2026,05-Jan-2026,,SHIPMENT: FIRSY OF SEP 26,Payment Processed,DBS,15-Jan-2026,,,201,,4,211,"2,101",209,
1/2/2026 15:22:00,02-Jan-2026,yogesh.tulsiani@sunshineltd.com,Yogesh.Tulsiani,07-Jan-2026,Jan-2026,"JIANGSU XINGXING REFRIGERATION TECHNOLOGY CO., LTD.",SUNSHINEXX2601,2825-2526-2025.2026,Fizzen,USD,,,"6,615.00",0.30,30,White Goods,"22,050.00",2/28/2026,28-Feb-2026,,,Payment Processed,DBS,10-Mar-2026,23-Feb-2026,,,47,4,-5,-11,209,
1/2/2026 15:24:11,02-Jan-2026,yogesh.tulsiani@sunshineltd.com,Yogesh.Tulsiani,07-Jan-2026,Jan-2026,"ZHEJIANG XINGXING REFRIGERATION CO., LTD.",SUNXX-251231,2826-2527-2025.2026,Fizzen,RMB,,,"28,702.77",0.20,20,White Goods,"143,513.84",2/28/2026,28-Feb-2026,,,Payment Processed,DBS,10-Mar-2026,25-Mar-2026,,,77,4,25,236,209,
1/2/2026 15:25:48,02-Jan-2026,yogesh.tulsiani@sunshineltd.com,Yogesh.Tulsiani,,Dec-1899,"NINGBO YUEMEI ELECTRIC APPLIANCE CO., LTD.",YM2511DSKD,2827-2528-2025.2026,Fizzen,RMB,,,"48,739.80",0.15,15,White Goods,"324,932.00",2/28/2026,28-Feb-2026,,,Hold by Merchandiser,,10-Mar-2026,,,147,,,157,,"46,238",
1/2/2026 15:56:28,02-Jan-2026,ulrica@sunshineltd.com,Ulrica,07-Jan-2026,Jan-2026,"Zhejiang Baofang Printing And Dyeing Co., Ltd",7183,2774/7180+7183+7167+7188/2025-26,SKTN,USD,,,"5,299.63",0.10,10,Textile,"52,996.32",1/8/2026,08-Jan-2026,,,Payment Processed,SCB,18-Jan-2026,13-Feb-2026,,,37,4,36,63,209,
1/2/2026 15:57:12,02-Jan-2026,ulrica@sunshineltd.com,Ulrica,07-Jan-2026,Jan-2026,"Zhejiang Baofang Printing And Dyeing Co., Ltd",7182,2776/7182/2025-26,Lome,USD,,,"5,299.63",0.10,10,Textile,"52,996.32",1/8/2026,08-Jan-2026,,,Payment Processed,SCB,18-Jan-2026,13-Mar-2026,,,65,4,64,112,209,
1/2/2026 15:58:38,02-Jan-2026,ulrica@sunshineltd.com,Ulrica,07-Jan-2026,Jan-2026,"Zhejiang Baofang Printing And Dyeing Co., Ltd",7181,2503/7154+7181+7189/2025-26,Cabinda,USD,,,"5,299.63",0.08,8,Textile,"66,245.40",1/8/2026,08-Jan-2026,,,Payment Processed,DBS,18-Jan-2026,6-Feb-2026,,,30,4,29,51,209,
1/2/2026 15:59:46,02-Jan-2026,ulrica@sunshineltd.com,Ulrica,07-Jan-2026,Jan-2026,"Zhejiang Baofang Printing And Dyeing Co., Ltd",7184,2775/7184/2025-26,Conakry,USD,,,"5,585.90",0.06,6,Textile,"93,098.28",1/8/2026,08-Jan-2026,,,Payment Processed,SCB,18-Jan-2026,11-Feb-2026,,,35,4,34,62,209,
1/2/2026 16:27:40,02-Jan-2026,yogesh.tulsiani@sunshineltd.com,Yogesh.Tulsiani,07-Jan-2026,Jan-2026,"NINGBO BANSHEN ELECTRIC APPLIANCE CO., LTD.",BSA-2512290001,2831/2529-2025.2026,Fizzen,USD,,,"10,732.50",0.30,30,White Goods,"35,775.00",1/31/2026,31-Jan-2026,,,Payment Processed,DBS,10-Feb-2026,13-Mar-2026,,,65,4,41,145,209,
1/2/2026 19:20:51,02-Jan-2026,joey@sunshineltd.com,Joey,07-Jan-2026,Jan-2026,"GUANGDONG SWEET SIXTEEN FOODS CO., LTD",SW25110304,2771/2541/2025-26,Point Noire,USD,,,"11,853.00",0.30,30,Food,"39,510.00",2/28/2026,28-Feb-2026,,,Payment Processed,DBS,10-Mar-2026,17-Apr-2026,CHANGE TO 306,,100,4,48,187,209,
1/2/2026 19:22:25,02-Jan-2026,joey@sunshineltd.com,Joey,07-Jan-2026,Jan-2026,"ZHEJIANG WINFUL I/E CO., LTD.",2026JE003S,2772/2515/2025-26,Point Noire,USD,,,"4,155.15",0.20,20,Food,"20,775.73",2/28/2026,28-Feb-2026,,,Payment Processed,DBS,10-Mar-2026,13-Feb-2026,,,37,4,-15,-20,209,
1/2/2026 19:23:38,02-Jan-2026,joey@sunshineltd.com,Joey,07-Jan-2026,Jan-2026,"ZHEJIANG WINFUL I/E CO., LTD.",2026JE005S,2773/2516/2025-26,Brazzavile,USD,,,"3,748.00",0.20,20,Food,"18,739.99",2/28/2026,28-Feb-2026,,,Payment Processed,DBS,10-Mar-2026,13-Feb-2026,,,37,4,-15,-18,209,
1/5/2026 11:54:07,05-Jan-2026,anil@sunshineltd.com,Anil,07-Jan-2026,Jan-2026,QUALITY MARINE EXPORTS,QME/PI/116/25-26,2833/2531/2025-26,Point Noire,EUR,,,"5,044.50",0.19,19,Frozen,"26,550.00",1/20/2026,20-Jan-2026,,,Payment Processed,DBS,30-Jan-2026,18-Jan-2026,,,11,2,-2,-3,209,
1/5/2026 15:22:11,05-Jan-2026,yogesh.tulsiani@sunshineltd.com,Yogesh.Tulsiani,07-Jan-2026,Jan-2026,NINGBO BAIDI ELECTRIC APPLIANCE CO LTD,2026NBBDY-0101,2836-2534.2025.2026,Fizzen,USD,,,"6,400.00",0.20,20,White Goods,"32,000.00",2/10/2026,10-Feb-2026,,,Payment Processed,DBS,20-Feb-2026,25-Mar-2026,,,77,1,43,90,209,
1/5/2026 19:35:47,05-Jan-2026,joey@sunshineltd.com,Joey,07-Jan-2026,Jan-2026,"FAW TRUCKS INTERNATIONAL CO., LTD.",25FAWT1812E01,2645/2506/2025-26,Point Noire,USD,,,"35,080.00",0.20,20,Automobile,"175,400.00",2/28/2026,28-Feb-2026,,,Payment Processed,DBS,10-Mar-2026,6-May-2026,MOVE TO 304,,119,1,67,773,209,
1/6/2026 13:23:35,06-Jan-2026,joey@sunshineltd.com,Joey,08-Jan-2026,Jan-2026,YIWU ZHONGYONG TRADING COMPNAY,ZY0010,2843/2514/2025-26,Kishore Ghana,RMB,,,"102,870.36",0.30,30,Sundry,"342,901.20",2/13/2026,13-Feb-2026,,,Payment Processed,DBS,23-Feb-2026,11-Feb-2026,,,34,1,-2,-68,208,
1/6/2026 23:07:05,06-Jan-2026,joey@sunshineltd.com,Joey,08-Jan-2026,Jan-2026,HONG KONG SHUANG QI FOOD LIMITED,PO2521,010/2521/2026-27,Mali,USD,,,"12,972.00",0.30,30,Food,"43,240.00",4/20/2026,20-Apr-2026,,,Payment Processed,DBS,30-Apr-2026,23-Jun-2026,,,166,1,64,273,208,
1/6/2026 23:11:51,06-Jan-2026,joey@sunshineltd.com,Joey,08-Jan-2026,Jan-2026,"SHANGHAI BUTTERFLY IMP & EXP CO., LTD.",26YCA016,2828/2519/2025-26,Cotonou,USD,,,"14,594.40",0.30,30,White Goods,"48,648.00",2/6/2026,06-Feb-2026,,,Payment Processed,DBS,16-Feb-2026,13-Feb-2026,,,36,1,7,34,208,
1/6/2026 23:13:31,06-Jan-2026,joey@sunshineltd.com,Joey,08-Jan-2026,Jan-2026,"SHANGHAI BUTTERFLY IMP & EXP CO., LTD.",26YCA018,2829/2520/2025-26,Cotonou,USD,,,"14,700.00",0.30,30,White Goods,"49,000.00",3/15/2026,15-Mar-2026,,,Payment Processed,DBS,25-Mar-2026,5-Apr-2026,CHANGE TO 232,,87,1,21,101,208,
1/7/2026 10:26:26,07-Jan-2026,yogesh.tulsiani@sunshineltd.com,Yogesh.Tulsiani,09-Jan-2026,Jan-2026,"ZHEJIANG XINGXING REFRIGERATION CO., LTD.",SUNXX-260105-1,2837-2535.2025/2026,Fizzen,USD,,,"27,671.60",0.20,20,White Goods,"138,358.00",2/10/2026,10-Feb-2026,,,Payment Processed,SCB,20-Feb-2026,16-Mar-2026,,,66,2,34,309,207,
1/7/2026 10:28:19,07-Jan-2026,yogesh.tulsiani@sunshineltd.com,Yogesh.Tulsiani,,Dec-1899,"ZHEJIANG XINGXING REFRIGERATION CO., LTD.",SUNXX-260105-2,2838-2536/2025-2026,Fizzen,USD,,,"27,671.60",0.20,20,White Goods,"138,358.00",2/28/2026,28-Feb-2026,,iNVOICE NUMBER HAS BEEN CHANGED(DELETE),Hold by Merchandiser,,10-Mar-2026,,,147,,,157,,"46,238",
1/7/2026 11:49:26,07-Jan-2026,joey@sunshineltd.com,Joey,08-Jan-2026,Jan-2026,"MITTO RUBBER TECHNOLOGY CO., LTD",MT251230-SUN002,2281/2265+2510/2025-26,Lome,USD,,,"14,592.00",0.30,30,Automobile,"48,640.00",1/31/2026,31-Jan-2026,,,Payment Processed,DBS,10-Feb-2026,31-Jan-2026,,,23,1,0,0,208,
1/7/2026 12:46:32,07-Jan-2026,joey@sunshineltd.com,Joey,08-Jan-2026,Jan-2026,"HENAN TIANCHENG METAL MATERIAL CO., LTD.",TCR26010402,011/2525/2026-27,Brazzavile,USD,,,"10,458.00",0.15,15,Sundry,"69,720.00",4/4/2026,04-Apr-2026,,,Payment Processed,DBS,14-Apr-2026,,END OF JUN.26,112,,0,122,419,208,
1/7/2026 12:47:46,07-Jan-2026,joey@sunshineltd.com,Joey,08-Jan-2026,Jan-2026,"LINYI JICHUANG IMPORT & EXPORT CO., LTD.",260701,2847/2539/2025-26,Mali,USD,,,"4,705.92",0.10,10,Sundry,"47,059.20",2/28/2026,28-Feb-2026,,,Payment Processed,DBS,10-Mar-2026,7-Apr-2026,CHANGE TO 239,,89,0,38,59,208,
1/7/2026 13:25:14,07-Jan-2026,joey@sunshineltd.com,Joey,07-Jan-2026,Jan-2026,"YOG AUTO MOBILE PARTS CO., LTD.",PO2193/2025-26,2127/2193/2025-26,Cotonou,RMB,,,"241,658.89",0.70,70,Automobile,"345,226.99",1/15/2026,15-Jan-2026,,,Payment Processed,DBS,25-Jan-2026,20-Jan-2026,,,13,-1,5,397,209,
1/7/2026 17:08:06,07-Jan-2026,agnes@uma.inc,Agnes,06-Jan-2026,Jan-2026,"⁠Zhengzhou Yingsa Clothing Co., Ltd.",20251217,2839/6025-6028/2025-26,Sierra General Trading Limited,USD,,,"3,240.00",0.30,30,Garments,"10,800.00",2/15/2026,15-Feb-2026,,,Payment Processed,DBS,25-Feb-2026,18-Feb-2026,,,43,-2,3,3,210,
1/7/2026 17:09:48,07-Jan-2026,agnes@uma.inc,Agnes,05-Jan-2026,Jan-2026,"⁠Xiamen Oula Information Technology Co., Ltd.",ES1219625Y,2839/6025-6028/2025-26,Sierra General Trading Limited,USD,,,"28,870.00",0.50,50,Garments,"57,740.00",2/15/2026,15-Feb-2026,,,Payment Processed,CITI,25-Feb-2026,18-Feb-2026,,,44,-3,3,28,211,
1/7/2026 17:11:33,07-Jan-2026,agnes@uma.inc,Agnes,05-Jan-2026,Jan-2026,"⁠GUANGZHOU YIFU CLOTHIING CO,LTD",PI251210,2839/6025-6028/2025-26,Sierra General Trading Limited,USD,,,"8,610.00",0.30,30,Garments,"28,700.00",2/15/2026,15-Feb-2026,,,Payment Processed,DBS,25-Feb-2026,18-Feb-2026,,,44,-3,3,8,211,
1/7/2026 17:13:09,07-Jan-2026,agnes@uma.inc,Agnes,06-Jan-2026,Jan-2026,"Foshan JUOU Furniture Manufacturing Co.,LTD",JO20251230,2839/6025-6028/2025-26,Sierra General Trading Limited,USD,,,835.83,0.30,30,Furniture (Personal),"2,786.10",2/15/2026,15-Feb-2026,,,Payment Processed,CITI,25-Feb-2026,18-Feb-2026,,,43,-2,3,1,210,
1/7/2026 18:52:58,07-Jan-2026,joey@sunshineltd.com,Joey,09-Jan-2026,Jan-2026,EURO FERT GUBRE SAN. TIC. A.S.,2532,2845/2537/2025-26,Point Noire,USD,,,"28,780.00",0.20,20,Agriculture,"143,900.00",1/31/2026,31-Jan-2026,,,Payment Processed,DBS,10-Feb-2026,26-Feb-2026,,,48,1,26,246,207,
1/7/2026 18:54:01,07-Jan-2026,joey@sunshineltd.com,Joey,09-Jan-2026,Jan-2026,EURO FERT GUBRE SAN. TIC. A.S.,2533,2846/2538/2025-26,Point Noire,USD,,,"13,325.00",0.20,20,Agriculture,"66,625.00",2/28/2026,28-Feb-2026,,,Payment Processed,DBS,10-Mar-2026,24-Feb-2026,,,46,1,-4,-18,207,
1/9/2026 10:27:22,09-Jan-2026,robin@sunshineltd.com,Robin,09-Jan-2026,Jan-2026,"GUANGZHOU LIVEPRO BEAUTY COSMETIC CO., LTD.",LFB20251118001,2420/2354/2025-26,Fronext,USD,,,"20,985.70",1.00,100,Sundry,"20,985.70",1/15/2026,15-Jan-2026,,,Payment Processed,SCB,25-Jan-2026,23-Jan-2026,,,14,0,8,55,207,
1/9/2026 11:53:31,09-Jan-2026,robin@sunshineltd.com,Robin,,Dec-1899,"GUANGZHOU ATLANTIC IMPORT AND EXPORT CO., LTD,",TA250155-1 + TA250154-2,2398/2341B+2342A/2025-26,Cotonou,USD,,,"16,645.00",1.00,100,Hardware - Building Material,"16,645.00",1/24/2026,24-Jan-2026,Cancelled,Error in amount,Hold by Accounts,,03-Feb-2026,,,182,,,192,,"46,238",
1/9/2026 12:51:53,09-Jan-2026,anil@sunshineltd.com,Anil,15-Jan-2026,Jan-2026,MIR-KAR SPOLKA Z OGRANICZONA ODPOWIEDZIALNOSCIA SPOLKA,18/01/2026,2880/2564/2025-26,Point Noire,EUR,,,"11,502.00",0.30,30,Frozen,"38,340.00",1/31/2026,31-Jan-2026,,,Payment Processed,DBS,10-Feb-2026,9-Feb-2026,,,25,5,9,34,201,
1/9/2026 15:47:35,09-Jan-2026,joey@sunshineltd.com,Joey,13-Jan-2026,Jan-2026,Yiwu Yanji E-Commerce Firm,AFWJ2025121609,2852/2547/2025-26,Brazzavile,USD,,,"10,001.78",0.26,26,Machinary,"39,100.00",2/28/2026,28-Feb-2026,,,Payment Processed,DBS,10-Mar-2026,,,147,,3,157,516,203,
1/9/2026 15:48:40,09-Jan-2026,joey@sunshineltd.com,Joey,13-Jan-2026,Jan-2026,Yiwu Yanji E-Commerce Firm,MY2025218-01,2853/2548/2025-29,Brazzavile,USD,,,"14,837.50",0.50,50,Machinary,"29,675.00",2/28/2026,28-Feb-2026,,,Payment Processed,DBS,10-Mar-2026,17-Mar-2026,,,63,3,17,83,203,
1/9/2026 16:03:32,09-Jan-2026,joey@sunshineltd.com,Joey,12-Jan-2026,Jan-2026,UNTAS GIDA SANAYU VE TICARET A.S.,25-248R3,2621/2466/2025-26,Point Noire,USD,,,"3,121.00",0.20,20,Food,"15,605.00",2/14/2026,14-Feb-2026,,,Payment Processed,CITI,24-Feb-2026,24-Feb-2026,,,43,2,10,10,204,
1/9/2026 18:21:59,09-Jan-2026,robin@sunshineltd.com,Robin,12-Jan-2026,Jan-2026,"LUANNAN XINFA AGRICULTURAL TOOL CO., LTD.",ERIC20251213,2512/2566/2025-26,Fronext,USD,,,"3,277.20",0.10,10,Hardware - Building Material,"32,772.00",2/14/2026,14-Feb-2026,,,Payment Processed,DBS,24-Feb-2026,17-Feb-2026,,,36,2,3,3,204,
1/9/2026 18:47:14,09-Jan-2026,robin@sunshineltd.com,Robin,12-Jan-2026,Jan-2026,"DINGZHOU CITY RUILI NAILS PRODUCTS CO., LTD.",JTMWR20251112,2659/2487/2025-26,Cotonou,USD,,,"3,115.16",0.10,10,Hardware - Building Material,"31,151.57",1/31/2026,31-Jan-2026,,,Payment Processed,CITI,10-Feb-2026,8-Feb-2026,Overpayment,,27,2,8,8,204,
1/12/2026 17:06:48,12-Jan-2026,anil@sunshineltd.com,Anil,13-Jan-2026,Jan-2026,SEARA MEATS BV,112307,2113/2203/2025-26,Point Noire,USD,,,"10,747.80",0.30,30,Frozen,"35,826.00",1/31/2026,31-Jan-2026,,,Payment Processed,DBS,10-Feb-2026,24-Jan-2026,,,11,0,-7,-25,203,
1/12/2026 22:20:34,12-Jan-2026,joey@sunshineltd.com,Joey,13-Jan-2026,Jan-2026,"ZHANGZHOU GREENCAN FOOD CO., LTD.",CGC26012,2872/2555/2025-26,Point Noire,USD,,,"5,848.60",0.20,20,Food,"29,243.00",3/14/2026,14-Mar-2026,,,Payment Processed,DBS,24-Mar-2026,18-Mar-2026,,,64,0,4,8,203,
1/12/2026 22:22:54,12-Jan-2026,joey@sunshineltd.com,Joey,13-Jan-2026,Jan-2026,SHIJIAZHUANG ZHONGYA CANDLE CO LTD.,ZY260111-1,2875/2558/2025-26,SKTN,USD,,,"6,000.00",0.20,20,Sundry,"30,000.00",3/14/2026,14-Mar-2026,,,Payment Processed,DBS,24-Mar-2026,25-Mar-2026,,,71,0,11,22,203,
1/12/2026 22:24:21,12-Jan-2026,joey@sunshineltd.com,Joey,13-Jan-2026,Jan-2026,SHIJIAZHUANG ZHONGYA CANDLE CO LTD.,ZY260111-2,2876/2559/2025-26,SKTN,USD,,,"6,000.00",0.20,20,Sundry,"30,000.00",3/14/2026,14-Mar-2026,,,Payment Processed,DBS,24-Mar-2026,7-Apr-2026,CHANGE TO 346/2559/2026-27,,84,0,24,47,203,
1/12/2026 22:25:18,12-Jan-2026,joey@sunshineltd.com,Joey,13-Jan-2026,Jan-2026,SHIJIAZHUANG ZHONGYA CANDLE CO LTD.,ZY260111-3,012/2560/2026-27,SKTN,USD,,,"6,000.00",0.20,20,Sundry,"30,000.00",3/31/2026,31-Mar-2026,,,Payment Processed,DBS,10-Apr-2026,5-May-2026,,,112,0,35,69,203,
1/13/2026 12:16:14,13-Jan-2026,robin@sunshineltd.com,Robin,13-Jan-2026,Jan-2026,"TIGER INDUSTRIAL GROUP CO., LTD.",TDGA005-2025-2,2365/2319/2025-26,Dicam,USD,,,"230,467.20",1.00,100,Hardware - Engine & Generator,"230,467.20",1/24/2026,24-Jan-2026,,Balance payment,Payment Processed,DBS,03-Feb-2026,21-Jan-2026,,,8,-1,-3,-227,203,
1/13/2026 14:31:22,13-Jan-2026,yogesh.tulsiani@sunshineltd.com,Yogesh.Tulsiani,14-Jan-2026,Jan-2026,"NINGBO ZHENGDIAN IMPORT AND EXPORT CO., LTD",ZD2603003,2827-2528/2025.2026,Fizzen,USD,,,"7,146.45",0.15,15,White Goods,"47,643.00",3/10/2026,10-Mar-2026,,,Payment Processed,SCB,20-Mar-2026,1-May-2026,CHANGE TO 351/2528/2026-27,,107,0,52,122,202,
1/13/2026 14:55:13,13-Jan-2026,robin@sunshineltd.com,Robin,13-Jan-2026,Jan-2026,"GUANGZHOU ATLANTIC IMPORT AND EXPORT CO., LTD,",TA250154-2 & TA250155-1,2398/2341B+2342A/2025-26,Dicam,USD,,,"11,555.50",0.69,69,Hardware - Building Material,"16,645.00",1/31/2026,31-Jan-2026,,Balance payment,Payment Processed,CITI,10-Feb-2026,8-Feb-2026,,,26,-1,8,30,203,
1/13/2026 19:01:59,13-Jan-2026,joey@sunshineltd.com,Joey,14-Jan-2026,Jan-2026,AAB (CHINA) CO LTD,26028(PO2554/2025-26),2871/2554/2025-26,Point Noire,USD,,,"9,681.41",0.20,20,Sundry,"48,407.84",3/14/2026,14-Mar-2026,,2,Payment Processed,DBS,24-Mar-2026,18-Mar-2026,,,63,0,4,13,202,
1/13/2026 19:18:22,13-Jan-2026,joey@sunshineltd.com,Joey,14-Jan-2026,Jan-2026,F&B NUTRITION SDN BHD,3910011992,2283/2267/2025-26,SKTN,USD,,,"9,720.00",0.20,20,Food,"48,600.00",2/13/2026,13-Feb-2026,,,Payment Processed,DBS,23-Feb-2026,14-Feb-2026,,,31,0,1,3,202,
1/13/2026 19:20:58,13-Jan-2026,joey@sunshineltd.com,Joey,14-Jan-2026,Jan-2026,F&B NUTRITION SDN BHD,3910011993,2283/2267/2025-26,Cabinda,USD,,,"9,720.00",0.20,20,Food,"48,600.00",2/28/2026,28-Feb-2026,,,Payment Processed,DBS,10-Mar-2026,14-Feb-2026,,,31,0,-14,-45,202,
1/13/2026 19:29:56,13-Jan-2026,joey@sunshineltd.com,Joey,14-Jan-2026,Jan-2026,F&B NUTRITION SDN BHD,3910011996,2873/2556/2025-26,Point Noire,USD,,,"14,580.00",0.20,20,Food,"72,900.00",2/12/2026,12-Feb-2026,,,Payment Processed,DBS,22-Feb-2026,4-Mar-2026,,,49,0,20,96,202,
1/13/2026 19:31:31,13-Jan-2026,joey@sunshineltd.com,Joey,14-Jan-2026,Jan-2026,F&B NUTRITION SDN BHD,3910011995,2874/2557/2025-26,Point Noire,USD,,,"14,580.00",0.20,20,Food,"72,900.00",3/13/2026,13-Mar-2026,,,Payment Processed,DBS,23-Mar-2026,5-Apr-2026,CHANGE TO 235/2557/2026-27,,81,0,23,110,202,
1/13/2026 19:32:43,13-Jan-2026,joey@sunshineltd.com,Joey,14-Jan-2026,Jan-2026,F&B NUTRITION SDN BHD,3910011997,2830/2347/2025-26,Brazzavile,USD,,,"19,440.00",0.20,20,Food,"97,200.00",2/13/2026,13-Feb-2026,,,Payment Processed,DBS,23-Feb-2026,22-Mar-2026,,,67,0,37,236,202,
1/13/2026 20:55:16,13-Jan-2026,joey@sunshineltd.com,Joey,02-Feb-2026,Feb-2026,YOMAXX ENTERPRISE,EXP/137+138/2025-26,2912/2574/2025-26,Dicam,USD,,,"50,220.36",1.00,100,Hardware - Building Material,"50,220.36",1/12/2026,12-Jan-2026,,GOODS SHIPPED ON 12 JAN 2026,Payment Processed,CITI,22-Jan-2026,12-Jan-2026,,,,19,0,0,183,
1/13/2026 20:59:18,13-Jan-2026,joey@sunshineltd.com,Joey,02-Feb-2026,Feb-2026,YOMAXX ENTERPRISE,EXP/135/25-26,2902/2573/2025-26,Dicam,USD,,,"56,692.97",1.00,100,Hardware - Building Material,"56,692.97",1/12/2026,12-Jan-2026,,GOODS SHIPPED ON 12 JAN 2026,Payment Processed,CITI,22-Jan-2026,13-Jan-2026,,,,19,1,19,183,
1/14/2026 2:30:04,14-Jan-2026,joey@sunshineltd.com,Joey,14-Jan-2026,Jan-2026,F&B NUTRITION SDN BHD,3910011991,1956/2116/2025-26,Cabinda,USD,,,"9,720.00",0.20,20,Food,"48,600.00",2/13/2026,13-Feb-2026,,,Payment Processed,DBS,23-Feb-2026,15-Mar-2026,,,60,0,30,96,202,
1/14/2026 11:55:25,14-Jan-2026,anil@sunshineltd.com,Anil,16-Jan-2026,Jan-2026,MIR-KAR SPOLKA Z OGRANICZONA ODPOWIEDZIALNOSCIA SPOLKA,102/01/2026,2915/2577/2025-26,Point Noire,EUR,,,"11,097.00",0.30,30,Frozen,"36,990.00",1/31/2026,31-Jan-2026,,,Payment Processed,CITI,10-Feb-2026,10-Feb-2026,,,25,2,10,36,200,
1/14/2026 18:21:25,14-Jan-2026,yogesh.tulsiani@sunshineltd.com,Yogesh.Tulsiani,16-Jan-2026,Jan-2026,"CIXI FEILONG INTERNATIONAL TRADING CO., LTD.",FLX2633002,1504/1881-2025-2026,Lome,USD,,,"4,248.60",0.30,30,White Goods,"14,162.00",3/10/2026,10-Mar-2026,,,Payment Processed,CITI,20-Mar-2026,5-Apr-2026,CHANGE TO 292/1881/2026-27,,79,1,26,36,200,
1/15/2026 12:16:10,15-Jan-2026,ulrica@sunshineltd.com,Ulrica,,Dec-1899,Sichuan Cotton and Ramie Group Corporation,7146,2458/7146/2025-26,Sar Saidu,USD,,,"10,000.00",0.11,11,Textile,"89,682.00",1/19/2026,19-Jan-2026,,,Payment Processed,,29-Jan-2026,17-Jan-2026,,,46039,,-2,,"46,238",
1/15/2026 14:21:11,15-Jan-2026,robin@sunshineltd.com,Robin,20-Jan-2026,Jan-2026,"JIANGSU TIPTOP BUILDING MATERIAL CO., LTD.",TT25110301B,960/2218/2025-26,Fronext,USD,,,"22,784.08",0.85,85,Hardware - Building Material,"26,680.48",1/5/2026,05-Jan-2026,,BALANCE PAYMENT,Payment Processed,DBS,15-Jan-2026,28-Feb-2026,,,39,4,54,404,196,
1/15/2026 14:24:45,15-Jan-2026,robin@sunshineltd.com,Robin,20-Jan-2026,Jan-2026,"GUANGZHOU ATLANTIC IMPORT AND EXPORT CO., LTD,",20251117,2399/2342B/2025-26,Cotonou,USD,,,"6,943.50",0.80,80,Hardware - Building Material,"8,640.00",1/31/2026,31-Jan-2026,,BALANCE PAYMENT,Payment Processed,SCB,10-Feb-2026,25-Mar-2026,,,64,4,53,121,196,
1/16/2026 0:14:11,16-Jan-2026,joey@sunshineltd.com,Joey,20-Jan-2026,Jan-2026,"LINYI JICHUANG IMPORT & EXPORT CO., LTD.",260702,2919/2580/2025-26,Cabinda,USD,,,"3,936.00",0.10,10,Sundry,"39,360.00",3/7/2026,07-Mar-2026,,,Payment Processed,DBS,17-Mar-2026,20-Apr-2026,CHANGE TO 149/2580/2026-27,,90,4,44,57,196,
1/16/2026 0:16:23,16-Jan-2026,joey@sunshineltd.com,Joey,20-Jan-2026,Jan-2026,"LUOYANG SHUAIYING TRADE CO., LTD.",260115SS(PO2582),2921/2582/2025-26,Cabinda,USD,,,"8,190.00",0.20,20,Automobile,"40,950.00",2/28/2026,28-Feb-2026,,,Payment Processed,DBS,10-Mar-2026,7-Apr-2026,CHANGE TO 157/2582/2026-27,,77,4,38,102,196,
1/16/2026 0:17:47,16-Jan-2026,joey@sunshineltd.com,Joey,20-Jan-2026,Jan-2026,"ZHANGZHOU GREENCAN FOOD CO., LTD.",CGC26020,2923/2584/2025-26,Brazzavile,USD,,,"5,412.00",0.20,20,Food,"27,060.00",3/7/2026,07-Mar-2026,,,Payment Processed,DBS,17-Mar-2026,18-Mar-2026,,,57,4,11,20,196,
1/16/2026 0:27:12,16-Jan-2026,joey@sunshineltd.com,Joey,20-Jan-2026,Jan-2026,SHIJIAZHUANG ZHONGYA CANDLE CO LTD.,ZY260115,013/2579/2026-27,Cabinda,USD,,,"7,500.00",0.20,20,Sundry,"37,500.00",4/3/2026,03-Apr-2026,,,Payment Processed,DBS,13-Apr-2026,13-Apr-2026,,,83,4,10,25,196,
1/16/2026 12:43:12,16-Jan-2026,joey@sunshineltd.com,Joey,,Dec-1899,"FAW TRUCKS INTERNATIONAL CO., LTD.",25FAW-JFSPH1341-CTFE01 & 25FAW-JFSPH1332-CTFE01,2359/1712B+1714B/2025-26,Mali,USD,,,"33,581.88",0.76,76,Automobile,"44,477.88",1/16/2026,16-Jan-2026,Cancelled,INCORRECT AMOUNT,Hold by Accounts,,26-Jan-2026,10-May-2026,CHANGE TO 001/1712/2026-27,,46152,,114,,"46,238",
1/16/2026 12:50:05,16-Jan-2026,joey@sunshineltd.com,Joey,20-Jan-2026,Jan-2026,EURO FERT GUBRE SAN. TIC. A.S.,EURO-15012026,2922/2583/2025-26,Brazzavile,USD,,,"26,250.00",0.20,20,Agriculture,"131,250.00",1/31/2026,31-Jan-2026,,,Payment Processed,DBS,10-Feb-2026,23-Feb-2026,,,34,3,23,198,196,
1/16/2026 12:51:50,16-Jan-2026,joey@sunshineltd.com,Joey,20-Jan-2026,Jan-2026,"TIANJIN SHINHOO FOOD CO.,LTD.",SHFD260019,2920/2581/2025-26,Cabinda,USD,,,"6,207.42",0.10,10,Food,"62,074.16",2/7/2026,07-Feb-2026,,,Payment Processed,DBS,17-Feb-2026,23-Feb-2026,,,34,3,16,33,196,
1/16/2026 12:53:20,16-Jan-2026,robin@sunshineltd.com,Robin,,Dec-1899,"ASIA MMD INDUSTRY CO., LIMITED",2025RL06178,2913/2575/2025-26,Fronext,USD,,,"19,669.00",1.00,100,Hardware - Building Material,"19,669.00",11/8/2025,08-Nov-2025,Cancelled,Selected Wrong customer,Canceled by Merchandiser,,18-Nov-2025,8-Nov-2025,,,45969,,0,,"46,238",
1/16/2026 12:54:29,16-Jan-2026,joey@sunshineltd.com,Joey,20-Jan-2026,Jan-2026,GREAT WALL MOTOR MIDDLE EAST FZE,GWMDSPS2601438SSSP & GWMDSPS2601439SSSP,1871/2079/2025-26,Point Noire,USD,,,"45,843.52",1.00,100,Automobile,"45,843.52",1/31/2026,31-Jan-2026,,,Payment Processed,DBS,10-Feb-2026,8-Jul-2026,CHANGE TO 303/2079/2026-27,,169,3,158,"2,381",196,
1/16/2026 12:55:14,16-Jan-2026,robin@sunshineltd.com,Robin,20-Jan-2026,Jan-2026,"ASIA MMD INDUSTRY CO., LIMITED",2025RL06178,2913/2575/2025-26,Mozambique,USD,,,"19,669.00",1.00,100,Hardware - Building Material,"19,669.00",11/8/2025,08-Nov-2025,,,Payment Processed,DBS,18-Nov-2025,8-Nov-2025,,,,3,0,0,196,
1/16/2026 12:57:00,16-Jan-2026,robin@sunshineltd.com,Robin,20-Jan-2026,Jan-2026,"SHANGDONG TANGUO INTERNATIONAL TRADE CO., LTD",TMLL20251016-3,2924/2585/2025-26,Dicam,USD,,,"12,400.00",0.20,20,Hardware - Building Material,"62,000.00",1/31/2026,31-Jan-2026,,Goods just loaded last week. Will be shipped next week,Payment Processed,DBS,10-Feb-2026,6-Jul-2026,CHANGE TO 686/2585/2026-27,,167,3,156,636,196,
1/16/2026 12:58:18,16-Jan-2026,robin@sunshineltd.com,Robin,20-Jan-2026,Jan-2026,"SHANGDONG TANGUO INTERNATIONAL TRADE CO., LTD",TMLL20251016-2,2658/2486/2025-26,Dicam,USD,,,"12,400.00",0.20,20,Hardware - Building Material,"62,000.00",3/31/2026,31-Mar-2026,,,Payment Processed,DBS,10-Apr-2026,22-Feb-2026,,,33,3,-37,-151,196,
1/16/2026 18:05:40,16-Jan-2026,joey@sunshineltd.com,Joey,20-Jan-2026,Jan-2026,"MITTO RUBBER TECHNOLOGY CO., LTD",MT260116-PO2501,2281/2265+2510/2025-26,Lome,USD,,,"36,528.00",0.71,71,Automobile,"51,120.00",1/24/2026,24-Jan-2026,,BAL PAY BEFORE  LOADING,Payment Processed,DBS,03-Feb-2026,31-Jan-2026,,,11,3,7,84,196,
1/19/2026 11:06:33,19-Jan-2026,robin@sunshineltd.com,Robin,19-Jan-2026,Jan-2026,"JIANGSU NEW VICTOR INDUSTRIAL CO., LTD",AO(SUNSHINE)-20260107,2931/2587/2025-26,Fabfer,USD,,,"15,750.00",0.30,30,Hardware - Building Material,"52,285.00",1/22/2026,22-Jan-2026,,Balance payment,Payment Processed,DBS,01-Feb-2026,3-Feb-2026,,,15,0,12,62,197,
1/19/2026 14:30:18,19-Jan-2026,ulrica@sunshineltd.com,Ulrica,21-Jan-2026,Jan-2026,"HUAFANG CO., LTD.",2589/7193/2025-26,2589/7193,Cotonou,USD,,,"30,000.00",0.28,28,Textile,"106,074.00",2/27/2026,27-Feb-2026,,,Payment Processed,DBS,09-Mar-2026,19-Mar-2026,,,57,1,20,197,195,
1/19/2026 14:37:09,19-Jan-2026,ulrica@sunshineltd.com,Ulrica,20-Jan-2026,Jan-2026,"Zhejiang Baofang Printing And Dyeing Co., Ltd",7191+7192,2928/7191+7192/2025-26,Lome,USD,,,"10,000.00",0.08,8,Textile,"125,920.20",2/10/2026,10-Feb-2026,,,Payment Processed,CITI,20-Feb-2026,13-Feb-2026,,,24,0,3,10,196,
1/19/2026 18:35:29,19-Jan-2026,joey@sunshineltd.com,Joey,20-Jan-2026,Jan-2026,GREAT WALL MOTOR MIDDLE EAST FZE,GWMDSPD2601438SSP & GWMDSPD2601439SSP,1871/2079/2025-26,Point Noire,USD,,,"45,843.52",1.00,100,Automobile,"45,843.52",1/31/2026,31-Jan-2026,,,Payment Processed,DBS,10-Feb-2026,8-Jul-2026,CHANGE TO 303/2079/2026-27,,169,0,158,"2,381",196,
1/19/2026 20:01:25,19-Jan-2026,joey@sunshineltd.com,Joey,20-Jan-2026,Jan-2026,UNTAS GIDA SANAYU VE TICARET A.S.,26-103,2868/2551/2025-26,Point Noire,USD,,,"5,772.00",0.20,20,Food,"28,860.00",2/21/2026,21-Feb-2026,,,Payment Processed,DBS,03-Mar-2026,10-Mar-2026,,,49,0,17,32,196,
1/20/2026 11:43:25,20-Jan-2026,robin@sunshineltd.com,Robin,20-Jan-2026,Jan-2026,"TIGER INDUSTRIAL GROUP CO., LTD.",TDGA005-2025-1,2366/2320/2025-26,Dicam,USD,,,"230,530.20",0.80,80,Hardware - Engine & Generator,"288,105.00",1/24/2026,24-Jan-2026,,Balance payment,Payment Processed,DBS,03-Feb-2026,6-Feb-2026,,,17,0,13,985,196,
1/20/2026 11:59:44,20-Jan-2026,joey@sunshineltd.com,Joey,20-Jan-2026,Jan-2026,UNTAS GIDA SANAYU VE TICARET A.S.,26-104,2869/2552/2025-26,Point Noire,USD,,,"5,772.00",0.20,20,Food,"28,860.00",2/21/2026,21-Feb-2026,,,Payment Processed,DBS,03-Mar-2026,10-Mar-2026,,,49,0,17,32,196,
1/20/2026 12:52:51,20-Jan-2026,joey@sunshineltd.com,Joey,20-Jan-2026,Jan-2026,"FAW TRUCKS INTERNATIONAL CO., LTD.",25FAW-JFSPH1341-CTFE01 & 25FAW-JFSPH1332-CTFE01,2359/1712B+1714B/2025-26,Mali,USD,,,"35,581.88",0.80,80,Automobile,"44,477.88",1/31/2026,31-Jan-2026,,,Payment Processed,DBS,10-Feb-2026,10-May-2026,CHANGE TO 001/1712/2026-27,,110,-1,99,"1,158",196,
1/20/2026 14:39:49,20-Jan-2026,joey@sunshineltd.com,Joey,22-Jan-2026,Jan-2026,"FARMASINO CO., LTD.",26SNJSD312DB001,2952/2601/2025-26,JONGOLA ENTERPRISE SU LDA,USD,,,"40,000.00",0.25,25,Medicine,"163,110.00",3/31/2026,31-Mar-2026,,,Payment Processed,DBS,10-Apr-2026,2-May-2026,"BANK DETAILS NOT CONFIRMED, CHANGE TO 294/2601/2026-27",,100,1,32,421,194,
1/20/2026 19:02:15,20-Jan-2026,robin@sunshineltd.com,Robin,21-Jan-2026,Jan-2026,TUNG YUEN PLASTIC MANUFACTORY LIMITED,SH20251124-01,2647/2483/2025-26,Fronext,USD,,,"6,610.30",0.73,73,Hardware - Building Material,"9,076.00",1/31/2026,31-Jan-2026,,Balance payment,Payment Processed,DBS,10-Feb-2026,23-Feb-2026,CHANGE TO 2319,,33,0,23,50,195,
1/20/2026 21:22:41,20-Jan-2026,joey@sunshineltd.com,Joey,21-Jan-2026,Jan-2026,JYO ENERGY LIMITED,0042026ACP,2949/2597/2025-26,Brazzavile,EUR,,,"13,370.40",0.20,20,Food,"66,852.00",2/14/2026,14-Feb-2026,,,Payment Processed,DBS,24-Feb-2026,13-Mar-2026,,,51,0,27,119,195,
1/21/2026 10:32:45,21-Jan-2026,anil@sunshineltd.com,Anil,22-Jan-2026,Jan-2026,"XING WAN YANG INTERNATIONAL TRADE CO., LIMITED",XWY-26CN101001+101002,2958/2607/2025-2026,Point Noire,USD,,,"17,097.00",0.30,30,Frozen,"56,990.00",3/15/2026,15-Mar-2026,,,Payment Processed,DBS,25-Mar-2026,10-Mar-2026,,,47,1,-5,-28,194,
1/21/2026 10:34:32,21-Jan-2026,anil@sunshineltd.com,Anil,22-Jan-2026,Jan-2026,"XING WAN YANG INTERNATIONAL TRADE CO., LIMITED",XWY-26CN101003+101004+101005,2959/2608/2025-26,Point Noire,USD,,,"25,645.50",0.30,30,Frozen,"85,485.00",3/31/2026,31-Mar-2026,,,Payment Processed,DBS,10-Apr-2026,14-Apr-2026,CHANGE TO 177/2608/2026-27,,82,1,14,118,194,
1/21/2026 12:50:18,21-Jan-2026,ulrica@sunshineltd.com,Ulrica,22-Jan-2026,Jan-2026,"Zhejiang Baofang Printing And Dyeing Co., Ltd",7205,2776/7205+7182/2025-26,Lome,USD,,,"5,000.00",0.07,7,Textile,"76,324.47",3/12/2026,12-Mar-2026,,,Payment Processed,CITI,22-Mar-2026,13-Mar-2026,,,50,0,1,2,194,
1/21/2026 15:11:58,21-Jan-2026,joey@sunshineltd.com,Joey,22-Jan-2026,Jan-2026,TIANJIN FASHION AND QUALITY TECHNOLOGY COMPANY LTD.,SUNSHINE 2026-001,2953/2603/2025-26,Mali,USD,,,"8,154.75",0.50,50,Sundry,"16,309.50",2/21/2026,21-Feb-2026,,,Payment Processed,DBS,03-Mar-2026,19-Mar-2026,,,56,0,26,70,194,
1/21/2026 15:13:25,21-Jan-2026,joey@sunshineltd.com,Joey,22-Jan-2026,Jan-2026,"ZHANGZHOU GREENCAN FOOD CO., LTD.",CGC26023,014/2593/2026-27,Cotonou,USD,,,"14,462.50",0.25,25,Food,"57,850.00",4/15/2026,15-Apr-2026,,,Payment Processed,DBS,25-Apr-2026,8-Apr-2026,,,76,0,-7,-33,194,
1/21/2026 15:15:14,21-Jan-2026,joey@sunshineltd.com,Joey,22-Jan-2026,Jan-2026,"ZHANGZHOU GREENCAN FOOD CO., LTD.",CGC26028,015/2602/2026-27,Brazzavile,USD,,,"5,412.00",0.20,20,Food,"27,060.00",4/8/2026,08-Apr-2026,,,Payment Processed,DBS,18-Apr-2026,2-Apr-2026,,,70,0,-6,-11,194,
1/21/2026 15:17:47,21-Jan-2026,joey@sunshineltd.com,Joey,22-Jan-2026,Jan-2026,"TIANJIN SHINHOO FOOD CO.,LTD.",SHFD260016,2946/2594/2025-26,Cotonou,USD,,,"6,139.55",0.10,10,Food,"61,395.50",3/14/2026,14-Mar-2026,,,Payment Processed,DBS,24-Mar-2026,25-Mar-2026,,,62,0,11,22,194,
1/21/2026 15:19:44,21-Jan-2026,joey@sunshineltd.com,Joey,22-Jan-2026,Jan-2026,"TIANJIN SHINHOO FOOD CO.,LTD.",SHFD260035,2947/2595/2025-26,Cotonou,USD,,,"4,062.96",0.10,10,Food,"40,629.60",3/14/2026,14-Mar-2026,,,Payment Processed,DBS,24-Mar-2026,25-Mar-2026,,,62,0,11,15,194,
1/21/2026 16:21:41,21-Jan-2026,joey@sunshineltd.com,Joey,22-Jan-2026,Jan-2026,AAB (CHINA) CO LTD,26049 (PO2604/2025-26),2954/2604/2025-26,Brazzavile,USD,,,"9,681.41",0.20,20,Sundry,"48,407.04",3/15/2026,15-Mar-2026,,,Payment Processed,DBS,25-Mar-2026,22-Feb-2026,,,31,0,-21,-67,194,
1/21/2026 18:04:19,21-Jan-2026,robin@sunshineltd.com,Robin,,Dec-1899,"SHOUGUANG DASEN WOOD CO., LTD",DSJ25-19A,2300/2279/2025-26,Fronext,USD,,,"47,538.00",0.90,90,Hardware - Building Material,"52,820.00",1/18/2026,18-Jan-2026,Cancelled,Deposit amount is wrong,Canceled by Merchandiser,,28-Jan-2026,18-Jan-2026,,,46040,,0,,"46,238",
1/22/2026 11:16:43,22-Jan-2026,robin@sunshineltd.com,Robin,22-Jan-2026,Jan-2026,"SHOUGUANG DASEN WOOD CO., LTD",DSJ25-19A,2300/2279/2025-26,Fronext,USD,,,"48,933.00",0.90,90,Hardware - Building Material,"54,215.00",1/18/2026,18-Jan-2026,,,Payment Processed,DBS,28-Jan-2026,18-Jan-2026,,,,0,0,0,194,
1/22/2026 12:06:21,22-Jan-2026,ulrica@sunshineltd.com,Ulrica,26-Jan-2026,Jan-2026,TONGXIANG GOETHE TEXTILE CO LTD.,7204,2990/7204/2025-26,Lome,USD,,,"5,000.00",0.05,5,Textile,"92,261.25",3/15/2026,15-Mar-2026,,,Payment Processed,DBS,25-Mar-2026,4-Apr-2026,CHANGE TO 277/7204/2026-27,,68,3,20,33,190,
1/22/2026 12:07:07,22-Jan-2026,ulrica@sunshineltd.com,Ulrica,26-Jan-2026,Jan-2026,TONGXIANG GOETHE TEXTILE CO LTD.,7198,2925/7198/2025-26,Lome,USD,,,"5,000.00",0.05,5,Textile,"92,261.25",3/15/2026,15-Mar-2026,,,Payment Processed,DBS,25-Mar-2026,2-Dec-2025,,,,3,-103,-169,190,
1/22/2026 12:07:53,22-Jan-2026,ulrica@sunshineltd.com,Ulrica,26-Jan-2026,Jan-2026,TONGXIANG GOETHE TEXTILE CO LTD.,7199,2926/7199/2025-26,Lome,USD,,,"10,000.00",0.05,5,Textile,"183,397.50",4/5/2026,05-Apr-2026,,INV#2926 CHANGE TO 036/2026-27,Payment Processed,DBS,15-Apr-2026,10-Apr-2026,CHANGE TO 036/7199/2026-27,,74,3,5,16,190,
1/22/2026 12:08:32,22-Jan-2026,ulrica@sunshineltd.com,Ulrica,26-Jan-2026,Jan-2026,TONGXIANG GOETHE TEXTILE CO LTD.,7200,2927/7200/2025-26,Lome,USD,,,"10,000.00",0.05,5,Textile,"184,626.75",4/20/2026,20-Apr-2026,,INV#2927 CHANGE TO 037/2026-27,Payment Processed,DBS,30-Apr-2026,21-Feb-2026,,,26,3,-58,-191,190,
1/22/2026 12:09:10,22-Jan-2026,ulrica@sunshineltd.com,Ulrica,26-Jan-2026,Jan-2026,TONGXIANG GOETHE TEXTILE CO LTD.,7203,2991/7203/2025-26,Cotonou,USD,,,"5,000.00",0.05,5,Textile,"92,073.75",3/15/2026,15-Mar-2026,,,Payment Processed,DBS,25-Mar-2026,28-Mar-2026,,,61,3,13,21,190,
1/22/2026 15:45:01,22-Jan-2026,ulrica@sunshineltd.com,Ulrica,26-Jan-2026,Jan-2026,"Zhejiang Baofang Printing And Dyeing Co., Ltd",7209,2759/7209/2025-26,Abidjan,USD,,,"5,000.00",0.06,6,Textile,"77,094.00",2/6/2026,06-Feb-2026,,,Payment Processed,SCB,16-Feb-2026,28-Feb-2026,,,33,3,22,36,190,
1/22/2026 15:46:15,22-Jan-2026,ulrica@sunshineltd.com,Ulrica,26-Jan-2026,Jan-2026,"HUAFANG CO., LTD.",7194,2994/7194/2025-26,Cotonou,USD,,,"30,000.00",0.28,28,Textile,"108,630.00",3/15/2026,15-Mar-2026,,,Payment Processed,CITI,25-Mar-2026,19-Mar-2026,,,52,3,4,39,190,
1/22/2026 15:46:59,22-Jan-2026,ulrica@sunshineltd.com,Ulrica,26-Jan-2026,Jan-2026,"HUAFANG CO., LTD.",7210,2995/7210/2025-26,Cotonou,USD,,,"30,000.00",0.28,28,Textile,"106,074.00",3/31/2026,31-Mar-2026,,,Payment Processed,CITI,10-Apr-2026,1-Apr-2026,CHANGE TO 184/7210/2026-27,,65,3,1,10,190,
1/22/2026 18:15:02,22-Jan-2026,agnes@uma.inc,Agnes,26-Jan-2026,Jan-2026,Nanjing Padelworker Sports Engineering Co. Ltd.,PW2025-11-07-1,2436/6023/2025-26,Point Noire,USD,,,"24,122.00",0.70,70,Panoramic Padel Court,"34,460.00",1/23/2026,23-Jan-2026,,Balance Deposit,Payment Processed,DBS,02-Feb-2026,17-Feb-2026,,,22,3,25,198,190,
1/22/2026 19:20:18,22-Jan-2026,harsh.chauhan@sunshineltd.com,Harsh.Chauhan,,Dec-1899,"IFOURNI TECHNOLOGY CO., LTD.",IF-2511-06,2452/2377/2025/26,Cotonou,USD,,,"44,469.00",0.90,90,Agriculture,"49,410.00",1/21/2026,21-Jan-2026,,CANCELLED,Canceled by Merchandiser,,31-Jan-2026,27-Jan-2026,,,46049,,6,,"46,238",
1/23/2026 11:38:45,23-Jan-2026,joey@sunshineltd.com,Joey,26-Jan-2026,Jan-2026,"LINYI JICHUANG IMPORT & EXPORT CO., LTD.",260703,2919/2580+2613/2025-26,Cabinda,USD,,,"3,936.00",0.10,10,Sundry,"39,360.00",3/7/2026,07-Mar-2026,,,Payment Processed,DBS,17-Mar-2026,20-Apr-2026,CHANGE TO 149/2580/2026-27,,84,3,44,57,190,
1/23/2026 16:24:36,23-Jan-2026,anil@sunshineltd.com,Anil,26-Jan-2026,Jan-2026,J. MARR (SEAFOODS) LIMITED,15636,3004/2616/2025-26,Point Noire,EUR,,,"5,124.50",0.10,10,Frozen,"51,245.00",2/15/2026,15-Feb-2026,,,Payment Processed,DBS,25-Feb-2026,30-Jan-2026,,,4,2,-16,-27,190,
1/23/2026 16:37:44,23-Jan-2026,joey@sunshineltd.com,Joey,26-Jan-2026,Jan-2026,"ZHANGZHOU GREENCAN FOOD CO., LTD.",CGC26023 REV,014/2593/2026-27,Cotonou,USD,,,"14,462.50",0.13,13,Food,"115,700.00",4/15/2026,15-Apr-2026,,,Payment Processed,DBS,25-Apr-2026,8-Apr-2026,,,72,2,-7,-33,190,
1/23/2026 18:38:44,23-Jan-2026,anil@sunshineltd.com,Anil,26-Jan-2026,Jan-2026,J. MARR (SEAFOODS) LIMITED,15661,3010/2620-2025-26,Point Noire,EUR,,,"5,103.00",0.10,10,Frozen,"51,030.00",2/15/2026,15-Feb-2026,,,Payment Processed,DBS,25-Feb-2026,22-Feb-2026,,,27,2,7,12,190,
1/23/2026 20:34:10,23-Jan-2026,joey@sunshineltd.com,Joey,26-Jan-2026,Jan-2026,"ANGEL YEAST (HONGKONG) CO.,LTD",AE26COGSH03,2948/2596/2025-26,Cotonou,USD,,,"17,784.00",0.20,20,Food,"88,920.00",3/16/2026,16-Mar-2026,,,Payment Processed,DBS,26-Mar-2026,30-Mar-2026,,,63,2,14,82,190,
1/23/2026 20:36:07,23-Jan-2026,joey@sunshineltd.com,Joey,26-Jan-2026,Jan-2026,"SHANGHAI BUTTERFLY IMP & EXP CO., LTD.",26YCA020,2992/2611/2025-26,Lome,USD,,,"14,700.00",0.30,30,White Goods,"49,000.00",3/7/2026,07-Mar-2026,,,Payment Processed,DBS,17-Mar-2026,19-Apr-2026,CHANGE TO 233/2611/2026-27,,83,2,43,208,190,
1/23/2026 20:37:33,23-Jan-2026,joey@sunshineltd.com,Joey,26-Jan-2026,Jan-2026,"SHANGHAI BUTTERFLY IMP & EXP CO., LTD.",26YCA021,2993/2612/2025-26,Lome,USD,,,"14,700.00",0.30,30,White Goods,"49,000.00",3/28/2026,28-Mar-2026,,,Payment Processed,DBS,07-Apr-2026,19-Apr-2026,CHANGE TO 234/2612/2026-27,,83,2,22,106,190,
1/23/2026 21:13:35,23-Jan-2026,joey@sunshineltd.com,Joey,26-Jan-2026,Jan-2026,TIANJIN FASHION AND QUALITY TECHNOLOGY COMPANY LTD.,SUNSHINE 2006-002,3013/2614/2025-26,Mali,USD,,,"8,154.75",0.50,50,Sundry,"16,309.50",3/20/2026,20-Mar-2026,,,Payment Processed,DBS,30-Mar-2026,19-Mar-2026,,,52,2,-1,-3,190,
1/26/2026 11:34:03,26-Jan-2026,robin@sunshineltd.com,Robin,04-Feb-2026,Feb-2026,"DINGZHOU CITY RUILI NAILS PRODUCTS CO., LTD.",JTMWR20260122A,2648/2484/2025-26,Cotonou,USD,,,"3,238.42",0.10,10,Hardware - Building Material,"32,384.18",3/31/2026,31-Mar-2026,,CHANGE TO 333/2484/2026-27,Payment Processed,DBS,10-Apr-2026,9-May-2026,,,94,9,39,42,181,
1/26/2026 11:35:45,26-Jan-2026,robin@sunshineltd.com,Robin,10-Feb-2026,Feb-2026,"WELFULL GROUP CO., LIMITED",W1526Z705HS,3007/2619/2025-26,Cotonou,USD,,,"40,040.00",0.10,10,Hardware - Building Material,"400,400.00",3/7/2026,07-Mar-2026,,,Payment Processed,DBS,17-Mar-2026,14-Apr-2026,"CHANGE TO 337/2619/2026-27, 340/2619/2026-27",,63,15,38,500,175,
1/26/2026 11:36:58,26-Jan-2026,robin@sunshineltd.com,Robin,04-Feb-2026,Feb-2026,"TIAN YOU XIN CHENG(HONG KONG) HOLDING CO., LIMITED",TY26010036,3006/2618/2025-26,Cotonou,USD,,,"8,478.40",0.10,10,Hardware - Building Material,"84,784.00",3/14/2026,14-Mar-2026,,,Payment Processed,DBS,24-Mar-2026,31-Mar-2026,,,55,9,17,47,181,
1/26/2026 11:39:00,26-Jan-2026,robin@sunshineltd.com,Robin,04-Feb-2026,Feb-2026,"LUANNAN XINFA AGRICULTURAL TOOL CO., LTD.",ERIC20260122,2649/2485/2025-26,Cotonou,USD,,,"2,775.22",0.10,10,Hardware - Building Material,"27,752.22",3/14/2026,14-Mar-2026,,,Payment Processed,DBS,24-Mar-2026,28-May-2026,CHANGE TO 339/2485/2026-27,,113,9,75,68,181,
1/26/2026 11:54:11,26-Jan-2026,ulrica@sunshineltd.com,Ulrica,03-Feb-2026,Feb-2026,HITARGET HONG KONG LIMITED,9978,1225/9978/2025-26,Lome,USD,,,"85,800.00",0.74,74,Textile,"115,800.00",1/26/2026,26-Jan-2026,,BALANCE PAYMENT BEFOR SHIP,Payment Processed,DBS,05-Feb-2026,16-Feb-2026,,,13,8,21,592,182,
1/26/2026 12:46:52,26-Jan-2026,robin@sunshineltd.com,Robin,04-Feb-2026,Feb-2026,"FUAN SHENWEI ELECTRO MECHANICAL CO., LTD.",SW2025SUN11-5,2311/2287/2025-26,Dicam,USD,,,"53,121.88",0.90,90,Hardware - Engine & Generator,"58,983.20",1/31/2026,31-Jan-2026,,Balance payment before ship,Payment Processed,SCB,10-Feb-2026,29-Jan-2026,,,,8,-2,-35,181,
1/26/2026 12:49:56,26-Jan-2026,robin@sunshineltd.com,Robin,28-Jan-2026,Jan-2026,"FUAN SHENWEI ELECTRO MECHANICAL CO., LTD.",SW2025SUN11-1,2392/2335/2025-26,Dicam,USD,,,"191,884.73",0.90,90,Hardware - Engine & Generator,"213,137.48",2/2/2026,02-Feb-2026,,Balance payment before ship,Payment Processed,DBS,12-Feb-2026,4-Feb-2026,,,7,1,2,126,188,
1/26/2026 12:52:19,26-Jan-2026,robin@sunshineltd.com,Robin,04-Feb-2026,Feb-2026,"FUAN SHENWEI ELECTRO MECHANICAL CO., LTD.",SW2025SUN11-2,2393/2336/2025-26,Dicam,USD,,,"191,930.16",0.90,90,Hardware - Engine & Generator,"213,187.96",2/2/2026,02-Feb-2026,,Balance payment before ship,Payment Processed,CITI,12-Feb-2026,11-Feb-2026,,,7,8,9,568,181,
1/26/2026 12:53:58,26-Jan-2026,robin@sunshineltd.com,Robin,04-Feb-2026,Feb-2026,"FUAN SHENWEI ELECTRO MECHANICAL CO., LTD.",SW2025SUN11-3,2394/2337/2025-26,Dicam,USD,,,"191,337.03",0.90,90,Hardware - Engine & Generator,"212,528.92",2/2/2026,02-Feb-2026,,Balance payment before ship,Payment Processed,DBS,12-Feb-2026,17-Feb-2026,,,13,8,15,944,181,
1/26/2026 13:01:39,26-Jan-2026,robin@sunshineltd.com,Robin,04-Feb-2026,Feb-2026,"FUAN SHENWEI ELECTRO MECHANICAL CO., LTD.",SW2025SUN11-4,2395/2338/2025-26,Dicam,USD,,,"193,428.88",0.90,90,Hardware - Engine & Generator,"214,853.20",2/4/2026,04-Feb-2026,,Balance payment before ship,Payment Processed,DBS,14-Feb-2026,17-Feb-2026,,,13,8,13,827,181,
1/26/2026 15:30:44,26-Jan-2026,robin@sunshineltd.com,Robin,29-Jan-2026,Jan-2026,"SHIJIAZHUANG SUNSHINE IMP&EXP TRADE CO., LTD.",2025SS06163,2914/2576/2025-26,Mozambique,USD,,,"20,067.50",1.00,100,Hardware - Building Material,"20,067.50",12/14/2025,14-Dec-2025,,,Payment Processed,DBS,24-Dec-2025,13-Dec-2025,,,,2,-1,-7,187,
1/26/2026 18:09:56,26-Jan-2026,joey@sunshineltd.com,Joey,02-Feb-2026,Feb-2026,JINJIANG XIEXIANG TRADE CORP. LTD.,XXH108Y25122,2508/2411/2025-26,Lome,USD,,,"8,217.00",0.30,30,Food,"27,390.00",1/31/2026,31-Jan-2026,,Partial payment before loading,Payment Processed,DBS,10-Feb-2026,25-Feb-2026,,,23,6,25,68,183,
1/26/2026 22:55:46,26-Jan-2026,joey@sunshineltd.com,Joey,04-Feb-2026,Feb-2026,HONG KONG SHUANG QI FOOD LIMITED,PO2615,3017/2615/2025-26,Mali,USD,,,"12,286.50",0.30,30,Food,"40,955.00",3/14/2026,14-Mar-2026,,,Payment Processed,SCB,24-Mar-2026,22-May-2026,CHANGE TO 240/2615/2026-27,,107,8,69,279,181,
1/27/2026 0:19:52,27-Jan-2026,joey@sunshineltd.com,Joey,04-Feb-2026,Feb-2026,YOMAXX ENTERPRISES,SO/162/25-26,3020/2625/2025-26,Dicam,USD,,,"21,772.00",0.29,29,Automobile,"75,476.96",3/14/2026,14-Mar-2026,,,Payment Processed,SCB,24-Mar-2026,15-Apr-2026,CHANGE TO 302/2625/2026-27,,70,8,32,229,181,
1/27/2026 11:47:26,27-Jan-2026,robin@sunshineltd.com,Robin,04-Feb-2026,Feb-2026,"DINGZHOU CITY RUILI NAILS PRODUCTS CO., LTD.",JTMWR20260127,3023/2627/2025-26,Fronext,USD,,,"5,754.84",0.10,10,Hardware - Building Material,"57,548.40",3/21/2026,21-Mar-2026,,,Payment Processed,DBS,31-Mar-2026,14-Apr-2026,CHANGE TO 153/2627/2026-27,,69,8,24,45,181,
1/27/2026 11:50:39,27-Jan-2026,robin@sunshineltd.com,Robin,10-Feb-2026,Feb-2026,TIANJIN GOLDEN BRIDGE WELDING MATERIALS GROUP,TJG26-374,3024/2628/2025-26,Fronext,USD,,,"48,600.00",1.00,100,Hardware - Building Material,"48,600.00",2/7/2026,07-Feb-2026,,,Payment Processed,DBS,17-Feb-2026,24-Mar-2026,,,42,14,45,719,175,
1/27/2026 11:51:47,27-Jan-2026,robin@sunshineltd.com,Robin,10-Feb-2026,Feb-2026,TIANJIN GOLDEN BRIDGE WELDING MATERIALS GROUP,TJG26-375,3025/2629/2025-26,Fronext,USD,,,"48,600.00",1.00,100,Hardware - Building Material,"48,600.00",2/28/2026,28-Feb-2026,,,Payment Processed,DBS,10-Mar-2026,7-Apr-2026,CHANGE TO 147/2629/2026-27,,56,14,38,607,175,
1/27/2026 12:19:50,27-Jan-2026,robin@sunshineltd.com,Robin,10-Feb-2026,Feb-2026,YIWU ZHONGYONG TRADING COMPNAY,ZY0005/ZY0004/ZY0008,2319/2294/2025-26,Fronext,RMB,,,"113,491.00",0.70,70,Hardware - Building Material,"162,130.00",2/7/2026,07-Feb-2026,,,Payment Processed,CITI,17-Feb-2026,23-Feb-2026,,,13,13,16,597,175,
1/27/2026 13:02:31,27-Jan-2026,agnes@uma.inc,Agnes,29-Jan-2026,Jan-2026,"Nanjing Besay Network Technology Co., Ltd.",20260120,DEBIT NOTE NO. 1572D ADDED 2025-26 ,Pravilo Physical Fitness Ltd,USD,,,313.00,1.00,100,Sundry,313.00,2/15/2026,15-Feb-2026,,,Payment Processed,CITI,25-Feb-2026,,,160,,1,170,17,187,
1/27/2026 13:13:20,27-Jan-2026,agnes@uma.inc,Agnes,04-Feb-2026,Feb-2026,"DINGZHOU FUKANG METALS CO., LTD.",P/I: 250813BAN,1865/6021/2025-26,Sahel International Trading Limited,USD,,,"17,801.76",0.70,70,Hardware - Building Material,"25,431.12",1/20/2026,20-Jan-2026,,,Payment Processed,DBS,30-Jan-2026,27-Jan-2026,,,,7,7,41,181,
1/27/2026 13:51:06,27-Jan-2026,agnes@uma.inc,Agnes,04-Feb-2026,Feb-2026,Guangzhou Global Green Machinery Co. Ltd.,HL20251215,2565/6024-2025-26,Sahel International Trading Limited,USD,,,"38,042.00",0.67,67,Machinary,"56,870.00",2/6/2026,06-Feb-2026,,,Payment Processed,SCB,16-Feb-2026,25-Feb-2026,,,21,7,19,238,181,
1/27/2026 14:49:55,27-Jan-2026,joey@sunshineltd.com,Joey,28-Jan-2026,Jan-2026,YIWU ZHONGYONG TRADING COMPNAY,ZY0010A & B,2843/2514/2025-26,Kishore Ghana,RMB,,,"232,102.00",0.70,70,Sundry,"331,575.60",2/7/2026,07-Feb-2026,,,Payment Processed,SCB,17-Feb-2026,11-Feb-2026,,,14,0,4,305,188,
1/27/2026 14:51:03,27-Jan-2026,robin@sunshineltd.com,Robin,02-Feb-2026,Feb-2026,"GUANGZHOU ATLANTIC IMPORT AND EXPORT CO., LTD,",TA2501523,2396/2339/2025-26,Dicam,USD,,,"48,368.00",0.80,80,Hardware - Building Material,"60,460.00",2/14/2026,14-Feb-2026,,Balance payment before ship,Payment Processed,CITI,24-Feb-2026,10-Mar-2026,,,36,5,24,382,183,
1/27/2026 15:50:10,27-Jan-2026,joey@sunshineltd.com,Joey,09-Feb-2026,Feb-2026,GUANGZHOU HAOJIN MOTORCYCLE COMPANY LTD.,HJ-PN-168(PO2626),018/2626/2026-27,Point Noire,USD,,,"10,000.00",0.21,21,Automobile,"47,475.00",4/1/2026,01-Apr-2026,,,Payment Processed,DBS,11-Apr-2026,4-Apr-2026,,,54,12,3,10,176,
1/27/2026 18:10:16,27-Jan-2026,asta@sunshineltd.com,Asta,29-Jan-2026,Jan-2026,"FOTON MOTOR INTERNATIONAL CO., LTD","FTCP2587355CG, 372CG, 374CG, 375CG",1783/2038/2025-26,Point Noire,USD,,,"68,813.17",0.69,69,Automobile,"99,572.12",1/31/2026,31-Jan-2026,,,Payment Processed,DBS,10-Feb-2026,25-Feb-2026,,,27,1,25,566,187,
1/27/2026 18:25:45,27-Jan-2026,robin@sunshineltd.com,Robin,04-Feb-2026,Feb-2026,"FUAN SHENWEI ELECTRO MECHANICAL CO., LTD.",SW2025SUN11-6,2400/2343/2025-26,Dicam,USD,,,"113,989.00",0.90,90,Hardware - Engine & Generator,"126,610.00",2/14/2026,14-Feb-2026,,Balance payment before ship,Payment Processed,DBS,24-Feb-2026,13-Feb-2026,,,9,7,-1,-37,181,
1/27/2026 18:33:05,27-Jan-2026,robin@sunshineltd.com,Robin,04-Feb-2026,Feb-2026,"FUAN SHENWEI ELECTRO MECHANICAL CO., LTD.",SW2025SUN11-7,2401/2344/2025-26,Dicam,USD,,,"113,839.60",0.90,90,Hardware - Engine & Generator,"126,444.00",2/14/2026,14-Feb-2026,,Balance payment before ship,Payment Processed,CITI,24-Feb-2026,12-Feb-2026,,,8,7,-2,-75,181,
1/29/2026 10:50:05,29-Jan-2026,shilpali@sunshineltd.com,Shilpali,30-Jan-2026,Jan-2026,TVS Srichakra Ltd,2200008264,3059,Lome,USD,,,"5,366.00",0.30,30,Automobile,"17,888.00",1/31/2026,31-Jan-2026,,,Payment Processed,SCB,10-Feb-2026,14-Feb-2026,,,15,1,14,25,186,
1/29/2026 12:24:55,29-Jan-2026,yogesh.tulsiani@sunshineltd.com,Yogesh.Tulsiani,04-Feb-2026,Feb-2026,JU YUEN (HONG KONG) INTERNATIONAL LIMITED,JP-SS-WM-2601DG,3060/2635.2025/2026,Fizzen,USD,,,"3,025.00",0.10,10,White Goods,"30,250.00",3/15/2026,15-Mar-2026,,,Payment Processed,DBS,25-Mar-2026,29-Mar-2026,,,53,5,14,14,181,
1/29/2026 12:59:44,29-Jan-2026,robin@sunshineltd.com,Robin,10-Feb-2026,Feb-2026,"DINGZHOU CITY RUILI NAILS PRODUCTS CO., LTD.",JTMWR20260128,2397/2340/2025-26,Lome,USD,,,"1,619.46",0.10,10,Hardware - Building Material,"16,194.60",3/28/2026,28-Mar-2026,,,Payment Processed,DBS,07-Apr-2026,8-Feb-2026,,,,11,-48,-26,175,
1/29/2026 18:50:07,29-Jan-2026,robin@sunshineltd.com,Robin,,Dec-1899,"DINGZHOU CITY RUILI NAILS PRODUCTS CO., LTD.",3064/2639/2025-26,3064/2639/2025-26,Lome,USD,,,"1,871.84",0.10,10,Hardware - Building Material,"18,718.39",3/31/2026,31-Mar-2026,Cancelled,Supplier invoice entered wrong.,Canceled by Merchandiser,,10-Apr-2026,,,116,,,126,,"46,238",
1/29/2026 18:51:35,29-Jan-2026,robin@sunshineltd.com,Robin,10-Feb-2026,Feb-2026,"DINGZHOU CITY RUILI NAILS PRODUCTS CO., LTD.",JTMWR20260129,3064/2639/2025-26,Lome,USD,,,"1,871.84",0.10,10,Hardware - Building Material,"18,718.39",3/31/2026,31-Mar-2026,,,Payment Processed,DBS,10-Apr-2026,9-Apr-2026,CHANGE TO 301/2639/2026-27,,58,11,9,6,175,
1/29/2026 18:53:22,29-Jan-2026,robin@sunshineltd.com,Robin,,Dec-1899,"GUANGZHOU ATLANTIC IMPORT AND EXPORT CO., LTD,",TA250156,3063/2638/2025-26,Cotonou,USD,,,"13,700.00",0.80,80,Hardware - Building Material,"17,125.00",3/31/2026,31-Mar-2026,Cancelled,Amount entered is wrong,Canceled by Merchandiser,,10-Apr-2026,,Wrong Dep Amt Entered,116,,,126,,"46,238",
1/29/2026 18:56:58,29-Jan-2026,robin@sunshineltd.com,Robin,10-Feb-2026,Feb-2026,SHIJIAZHUANG SHIQIAO ELECTRIC WELDING MATERIAL CO. LTD.,W230828-20,3062/2637/2025-26,Cotonou,USD,,,"17,625.00",1.00,100,Hardware - Building Material,"17,625.00",3/31/2026,31-Mar-2026,,,Payment Processed,DBS,10-Apr-2026,21-Apr-2026,CHANGE TO 334/2637/2026-27,,70,11,21,122,175,
1/30/2026 11:36:57,30-Jan-2026,ulrica@sunshineltd.com,Ulrica,24-Feb-2026,Feb-2026,HITARGET HONG KONG LIMITED,7225,023/7225/2026-27,Lome,USD,,,"30,000.00",0.27,27,Textile,"112,200.00",9/30/2026,30-Sep-2026,,,Payment Processed,DBS,10-Oct-2026,,,,,25,,0,161,
1/30/2026 11:37:40,30-Jan-2026,ulrica@sunshineltd.com,Ulrica,20-Mar-2026,Mar-2026,HITARGET HONG KONG LIMITED,7226,024/7226/2026-27,Lome,USD,,,"30,000.00",0.27,27,Textile,"112,200.00",10/30/2026,30-Oct-2026,,,Payment Processed,DBS,09-Nov-2026,,,,,49,,0,137,
1/30/2026 11:38:20,30-Jan-2026,ulrica@sunshineltd.com,Ulrica,21-Apr-2026,Apr-2026,HITARGET HONG KONG LIMITED,7227,025/7227/2026-27,Lome,USD,,,"10,000.00",0.09,9,Textile,"112,200.00",11/30/2026,30-Nov-2026,,,Payment Processed,DBS,10-Dec-2026,,,,,81,,0,105,
1/30/2026 11:39:45,30-Jan-2026,ulrica@sunshineltd.com,Ulrica,21-Apr-2026,Apr-2026,HITARGET HONG KONG LIMITED,7228,026/7228/2026-27,Lome,USD,,,"10,000.00",0.09,9,Textile,"112,200.00",12/30/2026,30-Dec-2026,,,Payment Processed,DBS,09-Jan-2027,,,,,81,,0,105,
1/30/2026 13:47:59,30-Jan-2026,joey@sunshineltd.com,Joey,10-Feb-2026,Feb-2026,"DINGTAO COUNTY ANJI FUQIANG YEAST CO., LTD.",AJFQJ260129,3056/2632/2025-26,Cotonou,USD,,,"7,125.30",0.02,2,Food,"356,226.50",3/15/2026,15-Mar-2026,,,Payment Processed,DBS,25-Mar-2026,,,132,,10,142,333,175,
1/30/2026 16:01:47,30-Jan-2026,robin@sunshineltd.com,Robin,10-Feb-2026,Feb-2026,"TIAN YOU XIN CHENG(HONG KONG) HOLDING CO., LIMITED",TY26010054,3067/2643/2025-26,Cotonou,USD,,,"17,904.20",0.10,10,Hardware - Building Material,"179,042.00",3/31/2026,31-Mar-2026,,,Payment Processed,DBS,10-Apr-2026,13-Jun-2026,CHANGE TO 338/2643/2026-27,,123,10,74,436,175,
1/30/2026 19:10:55,30-Jan-2026,robin@sunshineltd.com,Robin,10-Feb-2026,Feb-2026,"DEZHOU REBELI (JINGHUA) GLASS BLOCK CO., LTD",25-018-Q,3068/2644/2025-26,Fronext,USD,,,"17,258.40",1.00,100,Hardware - Building Material,"17,258.40",3/15/2026,15-Mar-2026,,,Payment Processed,DBS,25-Mar-2026,10-Mar-2026,,,28,10,-5,-28,175,
1/30/2026 19:12:20,30-Jan-2026,robin@sunshineltd.com,Robin,10-Feb-2026,Feb-2026,"QINGDAO NASCENT SPECIAL HAND TRUCK CO., LTD.",PI20260130,3069/2645/2025-26,Fronext,USD,,,"5,460.00",0.20,20,Hardware - Building Material,"27,300.00",3/31/2026,31-Mar-2026,,,Payment Processed,DBS,10-Apr-2026,12-Apr-2026,CHANGE TO 146/2645/2026-27,,61,10,12,22,175,
1/30/2026 20:52:22,30-Jan-2026,joey@sunshineltd.com,Joey,10-Feb-2026,Feb-2026,"THAI GRANLUX INTERNATIONAL RICE CO., LTD.",TGR001/2026,3066/2642/2025-26,Brazzavile,USD,,,"6,492.50",0.10,10,Food,"64,925.00",3/7/2026,07-Mar-2026,,,Payment Processed,DBS,17-Mar-2026,8-Mar-2026,,,26,10,1,2,175,
2/2/2026 10:45:24,02-Feb-2026,yogesh.tulsiani@sunshineltd.com,Yogesh.Tulsiani,09-Feb-2026,Feb-2026,"CIXI FEILONG INTERNATIONAL TRADING CO., LTD.",FLX2633007,3061-2636/2025-2026,Fizzen,USD,,,"3,626.10",0.30,30,White Goods,"12,087.00",3/25/2026,25-Mar-2026,,,Payment Processed,DBS,04-Apr-2026,31-Mar-2026,,,50,7,6,7,176,
2/2/2026 12:38:49,02-Feb-2026,joey@sunshineltd.com,Joey,10-Feb-2026,Feb-2026,"ZHEJIANG WINFUL I/E CO., LTD.",2006JE008S,3058/2634/2025-26,Brazzavile,USD,,,"3,795.44",0.20,20,Food,"18,977.20",3/25/2026,25-Mar-2026,,,Payment Processed,DBS,04-Apr-2026,3-Apr-2026,,,52,7,9,11,175,
2/2/2026 12:44:55,02-Feb-2026,yogesh.tulsiani@sunshineltd.com,Yogesh.Tulsiani,10-Feb-2026,Feb-2026,"ZHEJIANG XINGXING REFRIGERATION CO., LTD.",SUNXX-260105-1,027-2536/2026-2027,Fizzen,USD,,,"27,671.60",0.20,20,White Goods,"138,358.00",4/2/2026,02-Apr-2026,,,Payment Processed,DBS,12-Apr-2026,16-May-2026,,,95,7,44,400,175,
2/2/2026 17:31:19,02-Feb-2026,robin@sunshineltd.com,Robin,10-Feb-2026,Feb-2026,TANGSHAN SANFA HARDWARE FACTORY,TSSF26009,3074/2649/2025-26,Fronext,USD,,,"1,199.88",0.10,10,Hardware - Building Material,"11,998.80",3/14/2026,14-Mar-2026,,,Payment Processed,DBS,24-Mar-2026,21-Apr-2026,CHANGE TO 166/2026-27,,70,7,38,15,175,
2/2/2026 17:33:23,02-Feb-2026,robin@sunshineltd.com,Robin,10-Feb-2026,Feb-2026,TANGSHAN SANFA HARDWARE FACTORY,TSSF26010,3075/2650/2025-26,Fronext,USD,,,"1,199.88",0.10,10,Hardware - Building Material,"11,998.80",3/31/2026,31-Mar-2026,,,Payment Processed,DBS,10-Apr-2026,21-Apr-2026,CHANGE TO 165/2026-27,,70,7,21,8,175,
2/2/2026 18:22:53,02-Feb-2026,joey@sunshineltd.com,Joey,11-Feb-2026,Feb-2026,YOMAXX ENTERPRISE,SO/165/25-26,3077/2653/2025-26,Dicam,USD,,,"13,702.50",0.30,30,Automobile,"45,675.00",3/15/2026,15-Mar-2026,,,Payment Processed,DBS,25-Mar-2026,29-Mar-2026,,,46,8,14,63,174,
2/2/2026 20:56:39,02-Feb-2026,agnes@uma.inc,Agnes,03-Feb-2026,Feb-2026,"Foshan JUOU Furniture Manufacturing Co.,LTD",JO20251230,2839/6028/2025-26,Sierra General Trading Limited,USD,,,"2,028.30",0.71,71,Furniture (Personal),"2,864.10",2/6/2026,06-Feb-2026,,,Payment Processed,CITI,16-Feb-2026,18-Feb-2026,,,15,0,12,8,182,
2/2/2026 23:58:36,02-Feb-2026,agnes@uma.inc,Agnes,03-Feb-2026,Feb-2026,"⁠Zhengzhou Yingsa Clothing Co., Ltd.",20260115,2839/6025/2026-25,Sierra General Trading Limited,USD,,,"7,810.00",0.71,71,Garments,"11,050.00",2/6/2026,06-Feb-2026,,,Payment Processed,SCB,16-Feb-2026,18-Feb-2026,,,15,0,12,31,182,
2/3/2026 0:09:01,03-Feb-2026,agnes@uma.inc,Agnes,03-Feb-2026,Feb-2026,"⁠GUANGZHOU YIFU CLOTHIING CO,LTD",P251210,2839/6027/2025-26,Sierra General Trading Limited,USD,,,"20,090.00",0.70,70,Garments,"28,700.00",2/6/2026,06-Feb-2026,,,Payment Processed,DBS,16-Feb-2026,18-Feb-2026,,,15,0,12,79,182,
2/3/2026 17:58:59,03-Feb-2026,joey@sunshineltd.com,Joey,10-Feb-2026,Feb-2026,F&B NUTRITION SDN BHD,3910012263,028/2687/2026-27,Brazzavile,USD,,,"14,580.00",0.20,20,Food,"72,900.00",4/13/2026,13-Apr-2026,,,Payment Processed,DBS,23-Apr-2026,29-Mar-2026,CHANGE TO 3176,,47,6,-15,-72,175,
2/3/2026 18:59:32,03-Feb-2026,joey@sunshineltd.com,Joey,10-Feb-2026,Feb-2026,VITAL SOLUTIONS PTE LTD.,SO/26/00366,3070/2646/2025-26,Fronext,USD,,,"4,992.00",0.30,30,Sundry,"16,640.00",2/28/2026,28-Feb-2026,,,Payment Processed,DBS,10-Mar-2026,8-May-2026,CHANGE TO 198,,87,6,69,113,175,
2/3/2026 19:38:33,03-Feb-2026,joey@sunshineltd.com,Joey,10-Feb-2026,Feb-2026,"TIANJIN SHINHOO FOOD CO.,LTD.",SHFD260046,020/2630/2026-27,Cotonou,USD,,,"6,881.77",0.10,10,Food,"68,817.70",4/16/2026,16-Apr-2026,,,Payment Processed,DBS,26-Apr-2026,21-Apr-2026,,,70,6,5,11,175,
2/3/2026 19:42:11,03-Feb-2026,joey@sunshineltd.com,Joey,10-Feb-2026,Feb-2026,"TIANJIN SHINHOO FOOD CO.,LTD.",SHFD260062,3055/2631/2025-26,Cotonou,USD,,,"4,979.61",0.10,10,Food,"49,796.10",3/20/2026,20-Mar-2026,,,Payment Processed,DBS,30-Mar-2026,25-Mar-2026,,,43,6,5,8,175,
2/3/2026 19:43:40,03-Feb-2026,joey@sunshineltd.com,Joey,10-Feb-2026,Feb-2026,"TIANJIN SHINHOO FOOD CO.,LTD.",SHFD260055,3065/2640/2025-26,Lome,USD,,,"5,774.50",0.10,10,Food,"57,744.95",3/20/2026,20-Mar-2026,,,Payment Processed,DBS,30-Mar-2026,25-Mar-2026,,,43,6,5,9,175,
2/3/2026 19:45:13,03-Feb-2026,joey@sunshineltd.com,Joey,10-Feb-2026,Feb-2026,"TIANJIN SHINHOO FOOD CO.,LTD.",SHFD260056,022/2641/2026-27,Lome,USD,,,"5,774.50",0.10,10,Food,"57,744.95",4/17/2026,17-Apr-2026,,,Payment Processed,DBS,27-Apr-2026,21-Apr-2026,,,70,6,4,8,175,
2/4/2026 10:46:59,04-Feb-2026,robin@sunshineltd.com,Robin,10-Feb-2026,Feb-2026,"TANGSHAN JUNXING HARDWARE TOOLS MAKING CO., LTD.",PI2026F020,3076/2651/2025-26,Fronext,USD,,,"6,010.20",0.15,15,Hardware - Building Material,"40,068.00",3/21/2026,21-Mar-2026,,,Payment Processed,DBS,31-Mar-2026,20-Apr-2026,CHANGE TO 159/2651/2026-27,,69,6,30,59,175,
2/4/2026 11:03:49,04-Feb-2026,robin@sunshineltd.com,Robin,,Dec-1899,"FUAN SHENWEI ELECTRO MECHANICAL CO., LTD.",SW2025SUN10-2,2081/2183/2025-26,Dicam,USD,,,"142,848.80",0.69,69,Hardware - Engine & Generator,"206,527.50",2/1/2026,01-Feb-2026,Cancelled,Already applied TR,Canceled by Merchandiser,,11-Feb-2026,,,174,,,184,,"46,238",
2/4/2026 12:31:52,04-Feb-2026,joey@sunshineltd.com,Joey,10-Feb-2026,Feb-2026,AFRINEXT OVERSEAS PRIVATE LIMITED,IN/FRO/008/25-26,3082/2563/2025-26,Fronext,USD,,,"100,482.19",1.00,100,Hardware - Raw Material,"100,482.19",2/28/2026,28-Feb-2026,,,Payment Processed,DBS,10-Mar-2026,17-Feb-2026,,,7,5,-11,-363,175,
2/4/2026 13:02:02,04-Feb-2026,asta@sunshineltd.com,Asta,05-Feb-2026,Feb-2026,HMA AGRO INDUSTRIES LTD,HMA/PI/2490/2025-26,3081/2657/2025-26,Point Noire,USD,,,"15,330.00",0.30,30,Frozen,"51,100.00",2/28/2026,28-Feb-2026,,,Payment Processed,DBS,10-Mar-2026,27-Feb-2026,,,22,0,-1,-5,180,
2/4/2026 18:42:12,04-Feb-2026,robin@sunshineltd.com,Robin,09-Feb-2026,Feb-2026,"WEIFANG JINQUAN WOOD CO., LTD,",WL1099,3140/2666/2025-26,Fronext,USD,,,"5,400.00",0.10,10,Hardware - Building Material,"54,225.00",2/28/2026,28-Feb-2026,,,Payment Processed,DBS,10-Mar-2026,6-Jun-2026,CHANGE TO 352/2666/2026-27,,117,4,98,174,176,
2/5/2026 5:06:18,05-Feb-2026,agnes@uma.inc,Agnes,,Dec-1899,"⁠Xiamen Oula Information Technology Co., Ltd.",ES26010625Y,2839/6026/2025-26,Sierra General Trading Limited,USD,,,"28,870.00",0.50,50,Garments,"58,211.70",2/5/2026,05-Feb-2026,Cancelled,CANCELLED ON FEB 5 2026,Canceled by Merchandiser,,15-Feb-2026,5-Jun-2026,,,46178,,120,,"46,238",
2/5/2026 11:48:50,05-Feb-2026,robin@sunshineltd.com,Robin,09-Feb-2026,Feb-2026,"TIGER INDUSTRIAL GROUP CO., LTD.",TGDA005-2025-3,2176/2234/2025-26,Dicam,USD,,,"231,080.20",0.80,80,Hardware - Engine & Generator,"288,655.00",2/14/2026,14-Feb-2026,,Balance payment before ship,Payment Processed,DBS,24-Feb-2026,19-Feb-2026,,,10,4,5,380,176,
2/5/2026 14:35:33,05-Feb-2026,ulrica@sunshineltd.com,Ulrica,11-Feb-2026,Feb-2026,HITARGET HONG KONG LIMITED,7230,029/7230/2026-27,Lome,USD,,,"30,000.00",0.27,27,Textile,"112,200.00",8/30/2026,30-Aug-2026,,,Payment Processed,DBS,09-Sep-2026,,,,,5,,0,174,
2/5/2026 14:36:18,05-Feb-2026,agnes@uma.inc,Agnes,05-Feb-2026,Feb-2026,"⁠Xiamen Oula Information Technology Co., Ltd.",ES26010625Y,2839/6026/2025-26,Sierra General Trading Limited,USD,,,"29,341.70",0.50,50,Garments,"58,211.70",2/5/2026,05-Feb-2026,,,Payment Processed,CITI,15-Feb-2026,18-Feb-2026,,,13,-1,13,125,180,
2/5/2026 14:36:37,05-Feb-2026,ulrica@sunshineltd.com,Ulrica,05-Mar-2026,Mar-2026,HITARGET HONG KONG LIMITED,7231,030/7231/2026-27,Lome,USD,,,"30,000.00",0.27,27,Textile,"112,200.00",9/30/2026,30-Sep-2026,,,Payment Processed,DBS,10-Oct-2026,,,,,27,,0,152,\
2/5/2026 18:29:12,05-Feb-2026,joey@sunshineltd.com,Joey,04-Mar-2026,Mar-2026,AAB (CHINA) CO LTD,26092(PO2665/2025-26),019/7222+7223+724+2665/2026-27,Point Noire,USD,,,"35,876.22",1.00,100,Sundry,"35,876.22",4/11/2026,11-Apr-2026,,,Payment Processed,DBS,21-Apr-2026,14-Apr-2026,,,41,26,3,35,153,
2/6/2026 11:35:45,06-Feb-2026,joey@sunshineltd.com,Joey,,Dec-1899,YIWU XIAOCHUAN E-COMMERCE FIRM,AFWJ2025121609,2852/2547/2025-26,Brazzavile,USD,,,"29,100.00",0.74,74,Machinary,"39,100.00",2/11/2026,11-Feb-2026,CANCEL,WRONG SUPPLIER NAME,Canceled by Merchandiser,,21-Feb-2026,,,164,,,174,,"46,238",
2/6/2026 11:38:26,06-Feb-2026,joey@sunshineltd.com,Joey,09-Feb-2026,Feb-2026,Yiwu Yanji E-Commerce Firm,MY20251218-01,2853/2548/2025-26,Brazzavile,USD,,,"14,837.50",0.50,50,Machinary,"29,675.00",2/11/2026,11-Feb-2026,,,Payment Processed,DBS,21-Feb-2026,17-Mar-2026,,,36,3,34,166,176,
2/6/2026 11:40:13,06-Feb-2026,joey@sunshineltd.com,Joey,09-Feb-2026,Feb-2026,Yiwu Yanji E-Commerce Firm,AFWJ2025121609,2852/2547/2025-26,Brazzavile,USD,,,"29,100.00",0.74,74,Machinary,"39,100.00",2/11/2026,11-Feb-2026,,,Payment Processed,DBS,21-Feb-2026,15-Mar-2026,,,34,3,32,306,176,
2/6/2026 14:35:28,06-Feb-2026,robin@sunshineltd.com,Robin,09-Feb-2026,Feb-2026,"ASIA MMD INDUSTRY CO., LIMITED",2025RL06202,2986/2609/2025-26,Mozambique,USD,,,"19,993.96",1.00,100,Hardware - Building Material,"19,993.96",12/23/2025,23-Dec-2025,,,Payment Processed,DBS,02-Jan-2026,25-Dec-2025,,,,2,2,13,176,
2/9/2026 13:01:33,09-Feb-2026,robin@sunshineltd.com,Robin,10-Feb-2026,Feb-2026,"GUANGZHOU ATLANTIC IMPORT AND EXPORT CO., LTD,",TA250156,3063/2638/2025-26,Cotonou,USD,,,"3,425.00",0.25,25,Hardware - Building Material,"13,700.00",3/31/2026,31-Mar-2026,,,Payment Processed,CITI,10-Apr-2026,26-Mar-2026,,,44,0,-5,-6,175,
2/9/2026 16:31:11,09-Feb-2026,joey@sunshineltd.com,Joey,13-Feb-2026,Feb-2026,YOMAXX ENTERPRISE,SO/170/25-26,3142/2668/2025-26,Dicam,USD,,,"14,604.88",0.26,26,Automobile,"55,488.00",3/31/2026,31-Mar-2026,,,Payment Processed,DBS,10-Apr-2026,17-Jul-2026,CHANGE TO 439/2668/2026-27,,154,3,108,519,172,
2/9/2026 16:32:42,09-Feb-2026,joey@sunshineltd.com,Joey,11-Feb-2026,Feb-2026,EURO FERT GUBRE SAN. TIC. A.S.,2603,2989/2671/2025-26,Point Noire,USD,,,"36,600.00",0.20,20,Agriculture,"183,000.00",2/28/2026,28-Feb-2026,,,Payment Processed,DBS,10-Mar-2026,17-Mar-2026,,,34,1,17,205,174,
2/9/2026 17:19:08,09-Feb-2026,robin@sunshineltd.com,Robin,13-Feb-2026,Feb-2026,"CHANGZHOU YARMAX POWER CO.,LTD.",YM2511C212,2344/2301/2025-26,Dicam,USD,,,"100,525.50",0.90,90,Hardware - Engine & Generator,"111,695.00",2/21/2026,21-Feb-2026,,BALANCE PAYMENT,Payment Processed,DBS,03-Mar-2026,12-Mar-2026,,,27,3,19,628,172,
2/9/2026 17:33:17,09-Feb-2026,joey@sunshineltd.com,Joey,20-Feb-2026,Feb-2026,MILLENNIUM & LUBRICANTS MANUFACTURING LLC,PI-494,2933/2670/2025-26,Dicam,USD,,,"42,649.00",0.20,20,Automobile,"213,242.85",2/28/2026,28-Feb-2026,,,Payment Processed,DBS,10-Mar-2026,30-Apr-2026,CHANGE TO 435/2026-27,,69,10,61,855,165,
2/9/2026 17:34:41,09-Feb-2026,joey@sunshineltd.com,Joey,20-Feb-2026,Feb-2026,KENZOL MULTI INDUSTRIES FZC,EST-001407,3089/2664/2025-26,Dicam,USD,,,"99,050.00",0.20,20,Automobile,"495,250.00",2/28/2026,28-Feb-2026,,,Payment Processed,DBS,10-Mar-2026,29-May-2026,CHANGE TO 310/2664/2026-27,,98,10,90,"2,931",165,
2/10/2026 10:59:56,10-Feb-2026,agnes@uma.inc,Agnes,11-Feb-2026,Feb-2026,Guangzhou BCI Int'l Transportation Co. Ltd,CYL260210130,#2839/6025-6028/2025-26,Sierra General Trading Limited,USD,,,"10,368.50",1.00,100,Forwarder Expense,"10,368.50",2/10/2026,10-Feb-2026,,,Payment Processed,DBS,20-Feb-2026,18-Feb-2026,,,7,1,8,27,174,
2/10/2026 12:23:48,10-Feb-2026,robin@sunshineltd.com,Robin,13-Feb-2026,Feb-2026,"TIAN YOU XIN CHENG(HONG KONG) HOLDING CO., LIMITED",TY26020070,1641/2674/2025-26,Fabfer,USD,,,"12,075.00",0.10,10,Hardware - Raw Material,"120,750.00",3/7/2026,07-Mar-2026,,,Payment Processed,DBS,17-Mar-2026,17-Apr-2026,CHANGE TO 348/2026-27,,63,2,41,163,172,
2/10/2026 12:24:52,10-Feb-2026,robin@sunshineltd.com,Robin,13-Feb-2026,Feb-2026,"TIAN YOU XIN CHENG(HONG KONG) HOLDING CO., LIMITED",TY26020071,2926/2675/2025-26,Fabfer,USD,,,"12,075.00",0.10,10,Hardware - Raw Material,"120,750.00",3/21/2026,21-Mar-2026,,,Payment Processed,DBS,31-Mar-2026,17-Apr-2026,CHANGE TO 349,,63,2,27,107,172,
2/11/2026 17:53:24,11-Feb-2026,joey@sunshineltd.com,Joey,03-Mar-2026,Mar-2026,"MITTO RUBBER TECHNOLOGY CO., LTD",MT260128-SUN004,3002/2542/2026-27,NARESH BURKINA FASO,USD,,,"15,276.00",0.30,30,Automobile,"50,920.00",3/14/2026,14-Mar-2026,,,Payment Processed,DBS,24-Mar-2026,21-Mar-2026,,,18,19,7,35,154,
2/11/2026 21:43:03,11-Feb-2026,joey@sunshineltd.com,Joey,04-Mar-2026,Mar-2026,AAB (CHINA) CO LTD,26115 (PO2677/2025-26),040/2677/2026-27,Brazzavile,USD,,,"8,445.15",0.20,20,Sundry,"42,225.73",4/15/2026,15-Apr-2026,,,Payment Processed,DBS,25-Apr-2026,27-Apr-2026,,,54,20,12,33,153,
2/12/2026 15:23:03,12-Feb-2026,asta@sunshineltd.com,Asta,12-Feb-2026,Feb-2026,"SHIJIAZHUANG SUNSHINE IMP&EXP TRADE CO., LTD.",2025SS06172,3080/2656/2025-26,Mozambique,USD,,,"20,320.00",1.00,100,Hardware - Building Material,"20,320.00",1/14/2026,14-Jan-2026,,,Payment Processed,DBS,24-Jan-2026,14-Jan-2026,,,,-1,0,0,173,
2/12/2026 16:17:07,12-Feb-2026,joey@sunshineltd.com,Joey,06-Mar-2026,Mar-2026,"PHARMAMED (QINGDAO) CO., LTD.",PM20260212001,043/2673/2026-27,Mali,USD,,,"24,061.24",0.30,30,Medicine,"80,204.14",4/17/2026,17-Apr-2026,,,Payment Processed,DBS,27-Apr-2026,20-Jun-2026,,,106,21,64,506,151,
2/13/2026 10:24:18,13-Feb-2026,asta@sunshineltd.com,Asta,13-Feb-2026,Feb-2026,"SHIJIAZHUANG SUNSHINE IMP&EXP TRADE CO., LTD.",2025SS06188,3079/2655/2025-26,Mozambique,USD,,,"20,088.04",1.00,100,Hardware - Building Material,"20,088.04",3/31/2026,31-Mar-2026,,,Payment Processed,DBS,10-Apr-2026,14-Jan-2026,,,,0,-76,-502,172,
2/13/2026 16:43:46,13-Feb-2026,joey@sunshineltd.com,Joey,06-Mar-2026,Mar-2026,UNTAS GIDA SANAYU VE TICARET A.S.,26139 & 26-140,3178/2679/2025-26,Lubumbashi,USD,,,"6,020.60",0.21,21,Food,"28,903.00",3/15/2026,15-Mar-2026,,,Payment Processed,SCB,25-Mar-2026,26-May-2026,CHANGE TO 433,,81,20,72,143,151,
2/23/2026 21:19:47,23-Feb-2026,joey@sunshineltd.com,Joey,06-Mar-2026,Mar-2026,"FAW TRUCKS INTERNATIONAL CO., LTD.",26FAW-JFSPH1878-CTF,051/2647/2026-27,Point Noire,USD,,,"17,515.64",0.20,20,Automobile,"87,578.24",3/31/2026,31-Mar-2026,,,Payment Processed,SCB,10-Apr-2026,1-Jul-2026,,,117,10,92,530,151,
2/24/2026 10:22:43,24-Feb-2026,anil@sunshineltd.com,Anil,25-Feb-2026,Feb-2026,RDM IC  VE DIS TICARET MUMESSILLIK LTD. STI,2026EX0037,3162/2689/2025-26,Point Noire,USD,,,"8,491.20",0.30,30,Frozen,"28,303.95",2/28/2026,28-Feb-2026,,,Payment Processed,DBS,10-Mar-2026,5-Mar-2026,,,8,1,5,14,160,
2/24/2026 15:31:17,24-Feb-2026,joey@sunshineltd.com,Joey,06-Mar-2026,Mar-2026,"ZHEJIANG WINFUL I/E CO., LTD.",2026JE009S,048/2700/2026-27,Brazzavile,USD,,,"3,759.44",0.20,20,Food,"18,977.20",3/31/2026,31-Mar-2026,,,Payment Processed,SCB,10-Apr-2026,24-Apr-2026,,,49,9,24,30,151,
2/24/2026 18:10:40,24-Feb-2026,joey@sunshineltd.com,Joey,25-Feb-2026,Feb-2026,TIANJIN HELI LUXING IMP AND EXP CO LTD,2372/2323/2025-26,2372/2323/2025-26,Conakry,USD,,,"20,840.00",1.00,100,Hardware - Raw Material,"20,840.00",3/24/2026,24-Mar-2026,,100% PAYMENT IN ADVANCE,Payment Processed,DBS,03-Apr-2026,14-Mar-2026,,,17,0,-10,-69,160,
2/24/2026 18:12:40,24-Feb-2026,joey@sunshineltd.com,Joey,06-Mar-2026,Mar-2026,"ZHANGZHOU GREENCAN FOOD CO., LTD.",CGC26050,047/2699/2026-27,Brazzavile,USD,,,"5,603.20",0.20,20,Food,"28,016.00",5/9/2026,09-May-2026,,,Payment Processed,SCB,19-May-2026,21-May-2026,,,76,9,12,22,151,
2/24/2026 18:14:26,24-Feb-2026,joey@sunshineltd.com,Joey,06-Mar-2026,Mar-2026,UNTAS GIDA SANAYU VE TICARET A.S.,26-153,049/2701/2026-27,Brazzavile,USD,,,"5,616.00",0.19,19,Food,"29,700.00",4/4/2026,04-Apr-2026,,,Payment Processed,SCB,14-Apr-2026,26-May-2026,,,81,9,52,96,151,
2/25/2026 11:41:41,25-Feb-2026,shilpali@sunshineltd.com,Shilpali,,Dec-1899,ASHOK LEYLAND LTD,EXP/ROC/2026/01 ROC VOR-JAN 2026,3221/5005/2025-26,Point Noire,USD,,,"207,095.35",1.00,100,Automobile,"207,095.35",3/6/2026,06-Mar-2026,,,Canceled by Merchandiser,,16-Mar-2026,,,141,,,151,,"46,238",
2/25/2026 11:47:51,25-Feb-2026,shilpali@sunshineltd.com,Shilpali,03-Mar-2026,Mar-2026,ASHOK LEYLAND LTD,EXP/ROC/2026/01 ROC VOR-JAN 2026,3221/5005/2025-26,Point Noire,USD,,,"225,075.35",1.00,100,Automobile,"225,075.35",3/6/2026,06-Mar-2026,,,Payment Processed,DBS,16-Mar-2026,10-May-2026,CHANGE TO 371,,68,6,65,"4,810",154,
2/25/2026 15:37:04,25-Feb-2026,shilpali@sunshineltd.com,Shilpali,25-Feb-2026,Feb-2026,RMT Nuts Trading Co Fzco,005/RMT FZCO-SUNSHINE/2026,3223,Vietnam,USD,,,"580,000.00",1.00,100,Sundry,"580,000.00",3/15/2026,15-Mar-2026,,,Payment Processed,DBS,25-Mar-2026,,,132,,-1,142,"27,077",160,
2/26/2026 10:55:37,26-Feb-2026,shilpali@sunshineltd.com,Shilpali,27-Feb-2026,Feb-2026,RMT Nuts Trading Co Fzco,006/RMT FZCO-SUNSHINE/2026,3253,Vietnam,USD,,,"507,500.00",1.00,100,Sundry,"507,500.00",3/15/2026,15-Mar-2026,,,Payment Processed,DBS,25-Mar-2026,20-Apr-2026,CHANGE TO 687/6004 786/6004,,52,1,36,"6,007",158,
2/27/2026 11:18:11,27-Feb-2026,shilpali@sunshineltd.com,Shilpali,03-Mar-2026,Mar-2026,AEROSTAR HELMETS LIMITED,AERO/WAF-01/035/25-26,3255/5005/2025-26,Sahel International Trading Limited,USD,,,"3,982.71",0.20,20,Automobile,"19,913.00",3/15/2026,15-Mar-2026,,,Payment Processed,DBS,25-Mar-2026,8-Apr-2026,MOVE TO 437,,36,4,24,31,154,
2/27/2026 15:06:15,27-Feb-2026,robin@sunshineltd.com,Robin,13-Feb-2026,Feb-2026,"CHANGZHOU YARMAX POWER CO.,LTD.",YM2511C212,2344/2301/2025-26,Dicam,USD,,,"100,525.50",0.90,90,Hardware - Engine & Generator,"111,695.00",3/14/2026,14-Mar-2026,,BALANCE PAYMENT,Payment Processed,DBS,24-Mar-2026,12-Mar-2026,,,27,-15,-2,-66,172,
2/27/2026 15:21:33,27-Feb-2026,shilpali@sunshineltd.com,Shilpali,06-Mar-2026,Mar-2026,TVS Srichakra Ltd,2200008264,3059,Lome,USD,,,"12,522.00",0.70,70,Automobile,"17,888.00",2/14/2026,14-Feb-2026,,,Payment Processed,DBS,24-Feb-2026,14-Feb-2026,,,,6,0,0,151,
2/27/2026 15:45:49,27-Feb-2026,robin@sunshineltd.com,Robin,,Dec-1899,"TIGER INDUSTRIAL GROUP CO., LTD.",TDGA005-2025-4,2364/2318/2025-26,Dicam,USD,,,"233,354.20",1.00,100,Hardware - Engine & Generator,"233,354.20",3/7/2026,07-Mar-2026,Cancelled,WRONG AMOUNT,Canceled by Merchandiser,,17-Mar-2026,,,140,,,150,,"46,238",
2/27/2026 15:48:22,27-Feb-2026,robin@sunshineltd.com,Robin,09-Mar-2026,Mar-2026,"TIGER INDUSTRIAL GROUP CO., LTD.",TDGA005-2025-4,2364/2318/2025-26,Dicam,USD,,,"232,454.20",0.80,80,Hardware - Engine & Generator,"290,029.00",3/7/2026,07-Mar-2026,,BALANCE PAYMENT BEFORE SHIPMENT,Payment Processed,DBS,17-Mar-2026,27-Mar-2026,,,18,9,20,"1,528",148,
2/27/2026 16:11:37,27-Feb-2026,robin@sunshineltd.com,Robin,02-Mar-2026,Mar-2026,"CHANGZHOU YARMAX POWER CO.,LTD.",YM2511C211,2343/2300/2025-26,Dicam,USD,,,"97,236.00",0.90,90,Hardware - Engine & Generator,"108,040.00",3/14/2026,14-Mar-2026,,BALANCE PAYMENT BEFORE SHIPMENT,Payment Processed,DBS,24-Mar-2026,26-Mar-2026,,,24,2,12,384,155,
2/27/2026 19:36:25,27-Feb-2026,joey@sunshineltd.com,Joey,09-Mar-2026,Mar-2026,"ZHANGZHOU GREENCAN FOOD CO., LTD.",CGC26058,054/2706/2026-27,Cotonou,USD,,,"29,250.00",0.25,25,Food,"117,000.00",5/16/2026,16-May-2026,,,Payment Processed,DBS,26-May-2026,26-May-2026,,,78,9,10,96,148,
2/27/2026 19:37:24,27-Feb-2026,joey@sunshineltd.com,Joey,09-Mar-2026,Mar-2026,"ZHANGZHOU GREENCAN FOOD CO., LTD.",CGC26055,055/2707/2026-27,Lome,USD,,,"14,625.00",0.25,25,Food,"58,500.00",4/18/2026,18-Apr-2026,,,Payment Processed,DBS,28-Apr-2026,6-May-2026,,,58,9,18,87,148,
2/27/2026 19:38:30,27-Feb-2026,joey@sunshineltd.com,Joey,09-Mar-2026,Mar-2026,"ZHANGZHOU GREENCAN FOOD CO., LTD.",CGC26059,056/2708/2026-27,Lome,USD,,,"14,625.00",0.25,25,Food,"58,500.00",5/16/2026,16-May-2026,,,Payment Processed,DBS,26-May-2026,16-Jun-2026,,,99,9,31,149,148,
2/27/2026 20:32:07,27-Feb-2026,robin@sunshineltd.com,Robin,02-Mar-2026,Mar-2026,"ZHEJIANG HUIYI FIRE FIGHTING EQUIPMENT CO., LTD.",SY2026-8,2696/2711/2025-26,Fronext,USD,,,"2,300.00",0.20,20,Hardware - Building Material,"11,500.00",3/31/2026,31-Mar-2026,,,Payment Processed,DBS,10-Apr-2026,,,116,,2,126,95,155,
3/2/2026 14:30:48,02-Mar-2026,joey@sunshineltd.com,Joey,09-Mar-2026,Mar-2026,"FAW TRUCKS INTERNATIONAL CO., LTD.",25FAWT1812E01,2645/2506/2025-26,Point Noire,USD,,,"140,320.00",0.80,80,Automobile,"175,400.00",3/15/2026,15-Mar-2026,,BALANCE  PAYMENT PAY BEFORE LOADING,Payment Processed,DBS,25-Mar-2026,6-May-2026,MOVE TO 304,,58,6,52,"2,399",148,
3/2/2026 21:59:48,02-Mar-2026,joey@sunshineltd.com,Joey,06-Mar-2026,Mar-2026,"YUEQING XINZHONG MOTORCYCLE FITTING CO., LTD.",XZ26WENGG006,3219/2686/2025-26,Point Noire,USD,,,"3,321.60",0.20,20,Automobile,"16,608.00",3/31/2026,31-Mar-2026,,,Payment Processed,DBS,10-Apr-2026,5-Apr-2026,MOVE TO 309,,30,3,5,5,151,
3/2/2026 22:00:43,02-Mar-2026,joey@sunshineltd.com,Joey,06-Mar-2026,Mar-2026,"YUEQING XINZHONG MOTORCYCLE FITTING CO., LTD.",XZ26WENGG005,3177/2678/2025-26,Cotonou,USD,,,"3,610.08",0.20,20,Automobile,"18,050.40",3/27/2026,27-Mar-2026,,,Payment Processed,DBS,06-Apr-2026,11-Apr-2026,MOVE TO 227,,36,3,15,18,151,
3/3/2026 11:36:54,03-Mar-2026,anil@sunshineltd.com,Anil,04-Mar-2026,Mar-2026,JBS S.A.,65140374-1,062/2721/2026-27,Point Noire,USD,,,"27,885.00",0.30,30,Frozen,"92,950.00",4/20/2026,20-Apr-2026,,,Payment Processed,DBS,30-Apr-2026,8-Apr-2026,,,35,1,-12,-110,153,
3/3/2026 12:00:03,03-Mar-2026,shilpali@sunshineltd.com,Shilpali,06-Mar-2026,Mar-2026,VSK MOTORS AND TRADERS FZE,ORD0000023653,3258/5004/2025-26,Mali,USD,,,"2,585.90",1.00,100,Automobile,"2,585.90",3/15/2026,15-Mar-2026,,,Payment Processed,DBS,25-Mar-2026,18-Mar-2026,,,12,2,3,3,151,
3/3/2026 15:59:15,03-Mar-2026,joey@sunshineltd.com,Joey,06-Mar-2026,Mar-2026,F&B NUTRITION SDN BHD,3910012568,045/2697/2026-27,Brazzavile,USD,,,"14,580.00",0.20,20,Food,"72,900.00",4/20/2026,20-Apr-2026,,,Payment Processed,SCB,30-Apr-2026,7-Jun-2026,,,93,2,48,230,151,
3/5/2026 1:18:54,05-Mar-2026,joey@sunshineltd.com,Joey,10-Mar-2026,Mar-2026,HONG KONG SHUANG QI FOOD LIMITED,PO2676,039/2676/2026-27,Mali,USD,,,"12,444.00",0.30,30,Food,"41,480.00",4/30/2026,30-Apr-2026,,,Payment Processed,DBS,10-May-2026,29-Jul-2026,,,141,5,90,368,147,
3/5/2026 1:20:29,05-Mar-2026,joey@sunshineltd.com,Joey,10-Mar-2026,Mar-2026,HONG KONG SHUANG QI FOOD LIMITED,PO2702,050/2702/2026-27,Mali,USD,,,"12,444.00",0.30,30,Food,"41,480.00",4/30/2026,30-Apr-2026,,,Payment Processed,DBS,10-May-2026,3-Jun-2026,,,85,5,34,139,147,
3/5/2026 20:26:33,05-Mar-2026,joey@sunshineltd.com,Joey,10-Mar-2026,Mar-2026,"ZHANGZHOU GREENCAN FOOD CO., LTD.",CGC26068,065/2401/2026-27,NARESH BURKINA FASO,USD,,,"14,625.00",0.25,25,Food,"58,500.00",4/15/2026,15-Apr-2026,,,Payment Processed,DBS,25-Apr-2026,6-May-2026,,,57,4,21,101,147,
3/5/2026 20:27:24,05-Mar-2026,joey@sunshineltd.com,Joey,10-Mar-2026,Mar-2026,"ZHANGZHOU GREENCAN FOOD CO., LTD.",CGC26069,066/2402/2026-27,NARESH BURKINA FASO,USD,,,"14,625.00",0.25,25,Food,"58,500.00",5/15/2026,15-May-2026,,,Payment Processed,DBS,25-May-2026,12-Jun-2026,,,94,4,28,135,147,
3/6/2026 11:29:09,06-Mar-2026,shilpali@sunshineltd.com,Shilpali,10-Mar-2026,Mar-2026,AEROSTAR HELMETS LIMITED,AERO/WAF-01/035/25-26,3255/5005/2025-26,Point Noire,USD,,,"15,930.87",0.80,80,Automobile,"19,913.58",3/15/2026,15-Mar-2026,,,Payment Processed,DBS,25-Mar-2026,8-Apr-2026,MOVE TO 437,,29,4,24,126,147,
3/6/2026 16:47:04,06-Mar-2026,yogesh.tulsiani@sunshineltd.com,Yogesh.Tulsiani,09-Mar-2026,Mar-2026,"ZHEJIANG XINGXING REFRIGERATION CO., LTD.",SUNXX-260306,069/2728-2026.2027,Point Noire,USD,,,"4,290.00",0.20,20,White Goods,"21,450.00",4/30/2026,30-Apr-2026,,,Payment Processed,DBS,10-May-2026,15-Jun-2026,,,98,2,46,65,148,
3/9/2026 10:36:25,09-Mar-2026,shilpali@sunshineltd.com,Shilpali,10-Mar-2026,Mar-2026,TVS Srichakra Ltd,2200008465,3256/5023/2025-26,Abidjan,USD,,,"15,966.00",0.30,30,Automobile,"53,220.00",3/20/2026,20-Mar-2026,,,Payment Processed,DBS,30-Mar-2026,7-Mar-2023,,,,1,"-1,109","-5,821",147,
3/9/2026 15:08:36,09-Mar-2026,asta@sunshineltd.com,Asta,10-Mar-2026,Mar-2026,"SHIJIAZHUANG SUNSHINE IMP&EXP TRADE CO., LTD.",2025SS06226,3299/2730/2025-26,Mozambique,USD,,,"20,198.50",1.00,100,Hardware - Building Material,"20,198.50",2/12/2026,12-Feb-2026,,,Payment Processed,DBS,22-Feb-2026,12-Feb-2026,,,,0,0,0,147,
3/10/2026 14:38:07,10-Mar-2026,anil@sunshineltd.com,Anil,11-Mar-2026,Mar-2026,RDM IC  VE DIS TICARET MUMESSILLIK LTD. STI,2026EX0054,3216/2682/2025-26,Point Noire,USD,,,"30,690.00",0.30,30,Frozen,"102,300.00",3/20/2026,20-Mar-2026,,,Payment Processed,DBS,30-Mar-2026,17-Mar-2026,,,6,0,-3,-30,146,
3/10/2026 14:44:26,10-Mar-2026,asta@sunshineltd.com,Asta,11-Mar-2026,Mar-2026,"SHIJIAZHUANG SUNSHINE IMP&EXP TRADE CO., LTD.",2025SS06228,3300/2731/2025-26,Mozambique,USD,,,"20,218.80",1.00,100,Hardware - Building Material,"20,218.80",2/11/2026,11-Feb-2026,,,Payment Processed,DBS,21-Feb-2026,11-Feb-2026,,,,0,0,0,146,
3/11/2026 11:31:50,11-Mar-2026,tricia@sunshineltd.com,Tricia,11-Mar-2026,Mar-2026,"JIANGSU XINGXING REFRIGERATION TECHNOLOGY CO., LTD.",SUNSHINEXX2601-1,2087,Fizzen,USD,,,"3,307.50",0.30,30,Sundry,"11,025.00",3/18/2026,18-Mar-2026,,,Payment Processed,DBS,28-Mar-2026,23-Mar-2026,,,12,0,5,5,146,
3/11/2026 11:33:39,11-Mar-2026,tricia@sunshineltd.com,Tricia,,Dec-1899,"SINOTRUK HUBEI HUAWIN IMP. & EXP. CO., LTD.",h-26-403031,2455,Fabfer,USD,,,"43,854.00",0.30,30,Automobile,"146,180.00",3/15/2026,15-Mar-2026,,CANCELLED - WRONG AMOUNT,Canceled by Merchandiser,,25-Mar-2026,,,132,,,142,,"46,238",
3/11/2026 17:27:35,11-Mar-2026,joey@sunshineltd.com,Joey,11-Mar-2026,Mar-2026,"MITTO RUBBER TECHNOLOGY CO., LTD",MT260128-SUN004 (PO2542),3002/2542/2025-26,NARESH BURKINA FASO,USD,,,"34,236.00",0.69,69,Automobile,"49,512.00",3/20/2026,20-Mar-2026,,"GOODS SHIP BEFORE LOADING, ETD 18 MAR 2026",Payment Processed,DBS,30-Mar-2026,21-Mar-2026,,,10,-1,1,11,146,
3/12/2026 1:31:09,12-Mar-2026,joey@sunshineltd.com,Joey,13-Mar-2026,Mar-2026,"FOTON MOTOR INTERNATIONAL CO., LTD",FTCV2694854CG,052/2704/2026-27,Point Noire,USD,,,"10,842.75",0.23,23,Automobile,"47,962.75",4/22/2026,22-Apr-2026,,NEW INV. NO. 052/2704+2705/2026-27,Payment Processed,DBS,02-May-2026,,,94,,1,104,371,144,
3/12/2026 1:32:42,12-Mar-2026,joey@sunshineltd.com,Joey,13-Mar-2026,Mar-2026,"FOTON MOTOR INTERNATIONAL CO., LTD",FTCV2695109CG,053/2705/2026-27,Point Noire,USD,,,"10,842.75",0.23,23,Automobile,"47,962.75",5/13/2026,13-May-2026,,MOVE TO INV. 052/2704+2705/2026-27,Payment Processed,DBS,23-May-2026,,,73,,1,83,296,144,
3/12/2026 1:34:06,12-Mar-2026,joey@sunshineltd.com,Joey,13-Mar-2026,Mar-2026,"FOTON MOTOR INTERNATIONAL CO., LTD",FTCV2094852CG,061/2716/2026-27,Point Noire,USD,,,"18,926.08",0.23,23,Automobile,"83,728.08",4/22/2026,22-Apr-2026,,,Payment Processed,DBS,02-May-2026,,,94,,1,104,647,144,
3/12/2026 12:01:12,12-Mar-2026,joey@sunshineltd.com,Joey,11-Mar-2026,Mar-2026,"SINOTRUK HUBEI HUAWIN IMP. & EXP. CO., LTD.",H-26-403031,2455/2380/2025-26,Fabfer,USD,,,"102,326.00",0.70,70,Automobile,"146,180.00",3/19/2026,19-Mar-2026,,GOODS SHIP BEFORE LOADIING,Payment Processed,DBS,29-Mar-2026,5-Jun-2026,MOVE TO 347/2026-27,,86,-2,78,"2,624",146,
3/12/2026 13:44:50,12-Mar-2026,asta@sunshineltd.com,Asta,13-Mar-2026,Mar-2026,"TIAN YOU XIN CHENG(HONG KONG) HOLDING CO., LIMITED",TY26030140,079/2735/2026-27,Cotonou,USD,,,"12,086.80",0.10,10,Hardware - Building Material,"120,868.00",4/30/2026,30-Apr-2026,,,Payment Processed,DBS,10-May-2026,13-Jun-2026,CHANGE TO 132/2774/2026-27,,92,0,44,175,144,
3/13/2026 11:35:19,13-Mar-2026,anil@sunshineltd.com,Anil,13-Mar-2026,Mar-2026,MELIONE S.A.,26-0155,3345/2745/2025-26,Point Noire,USD,,,"21,822.00",0.30,30,Frozen,"72,740.00",3/31/2026,31-Mar-2026,,,Payment Processed,DBS,10-Apr-2026,6-May-2026,MOVE TO 472,,54,0,36,258,144,
3/13/2026 14:37:39,13-Mar-2026,asta@sunshineltd.com,Asta,16-Mar-2026,Mar-2026,"QINGDAO NASCENT SPECIAL HAND TRUCK CO., LTD.",PI20260310,089/2749/2026--27,Cotonou,USD,,,"3,562.50",0.15,15,Machinary,"23,750.00",4/15/2026,15-Apr-2026,,,Payment Processed,DBS,25-Apr-2026,7-May-2026,,,52,2,22,26,141,
3/13/2026 14:40:29,13-Mar-2026,asta@sunshineltd.com,Asta,16-Mar-2026,Mar-2026,"LUANNAN XINFA AGRICULTURAL TOOL CO., LTD.",ERIC20260310,090/2750/2026-27,Cotonou,USD,,,"3,442.08",0.10,10,Machinary,"34,420.80",4/27/2026,27-Apr-2026,,,Payment Processed,DBS,07-May-2026,27-Jun-2026,,,103,2,61,69,141,
3/16/2026 11:27:22,16-Mar-2026,anil@sunshineltd.com,Anil,17-Mar-2026,Mar-2026,EVIA FOODS,026358,3169/2696/2025-26,Point Noire,EUR,,,"64,435.00",1.00,100,Frozen,"64,435.00",3/31/2026,31-Mar-2026,,,Payment Processed,DBS,10-Apr-2026,3-Apr-2026,MOVE TO 162,,17,1,3,64,140,
3/16/2026 15:08:23,16-Mar-2026,joey@sunshineltd.com,Joey,17-Mar-2026,Mar-2026,GUANGZHOU HAOJIN MOTORCYCLE COMPANY LTD.,HJ-PN-169(PO2741),088/2740+2741/2026-27,Point Noire,USD,,,"10,000.00",0.30,30,Automobile,"33,418.00",4/25/2026,25-Apr-2026,,,Payment Processed,DBS,05-May-2026,3-May-2026,,,47,0,8,26,140,
3/16/2026 15:10:49,16-Mar-2026,joey@sunshineltd.com,Joey,17-Mar-2026,Mar-2026,"LUOYANG SHUAIYING TRADE CO., LTD.",260303SS(PO2698),046/2698/2026-27,Bangui,USD,,,"16,490.00",0.20,20,Automobile,"82,450.00",4/16/2026,16-Apr-2026,,,Payment Processed,DBS,26-Apr-2026,8-Jun-2026,,,83,0,53,287,140,
3/16/2026 16:14:29,16-Mar-2026,anil@sunshineltd.com,Anil,17-Mar-2026,Mar-2026,HMA AGRO INDUSTRIES LTD,HMA/PI/3017/2025-26,3346/2751/2025-26,Point Noire,USD,,,"19,170.00",0.30,30,Frozen,"63,900.00",3/31/2026,31-Mar-2026,,,Payment Processed,DBS,10-Apr-2026,15-Apr-2026,CHANGE TO 419,,29,0,15,95,140,
3/16/2026 16:27:28,16-Mar-2026,anil@sunshineltd.com,Anil,17-Mar-2026,Mar-2026,HMA AGRO INDUSTRIES LTD,HMA/PI/3013/2025-26,095/2752/2026-27,Point Noire,USD,,,"16,170.00",0.30,30,Frozen,"53,900.00",4/25/2026,25-Apr-2026,,,Payment Processed,DBS,05-May-2026,15-May-2026,,,59,0,20,106,140,
3/16/2026 21:03:07,16-Mar-2026,joey@sunshineltd.com,Joey,08-Apr-2026,Apr-2026,YOMAXX ENTERPRISE,SO/191/25-26,096/2754/2026-27,Dicam,USD,,,"8,303.00",0.20,20,Automobile,"41,518.80",4/2/2026,02-Apr-2026,,,Payment Processed,DBS,12-Apr-2026,5-May-2026,,,27,22,33,90,118,
3/17/2026 16:30:43,17-Mar-2026,ulrica@sunshineltd.com,Ulrica,19-Mar-2026,Mar-2026,"HUAFANG CO., LTD.",7262,078/7262/2026-27,Cotonou,USD,,,"30,000.00",0.28,28,Textile,"107,352.00",4/15/2026,15-Apr-2026,,,Payment Processed,DBS,25-Apr-2026,16-Apr-2026,,,28,1,1,10,138,
3/17/2026 16:31:57,17-Mar-2026,ulrica@sunshineltd.com,Ulrica,19-Mar-2026,Mar-2026,"HUAFANG CO., LTD.",7263,091/7263/2026-27,Cotonou,USD,,,"30,000.00",0.28,28,Textile,"107,352.00",4/16/2026,16-Apr-2026,,,Payment Processed,DBS,26-Apr-2026,16-Apr-2026,,,28,1,0,0,138,
3/17/2026 16:33:09,17-Mar-2026,ulrica@sunshineltd.com,Ulrica,19-Mar-2026,Mar-2026,"Zhejiang Baofang Printing And Dyeing Co., Ltd",7242,073/7242+7238+7229/2026-27,Brazzavile,USD,,,"5,000.00",0.09,9,Textile,"56,705.88",4/10/2026,10-Apr-2026,,,Payment Processed,DBS,20-Apr-2026,3-Jun-2026,,,76,1,54,89,138,
3/17/2026 16:34:22,17-Mar-2026,ulrica@sunshineltd.com,Ulrica,19-Mar-2026,Mar-2026,"Zhejiang Baofang Printing And Dyeing Co., Ltd",7250+7252,102/7250+7252/2026-27,Lome,USD,,,"10,000.00",0.08,8,Textile,"120,384.00",4/15/2026,15-Apr-2026,,,Payment Processed,DBS,25-Apr-2026,18-May-2026,,,60,1,33,108,138,
3/17/2026 16:35:23,17-Mar-2026,ulrica@sunshineltd.com,Ulrica,19-Mar-2026,Mar-2026,"Zhejiang Baofang Printing And Dyeing Co., Ltd",7248+7249,101/7248+7249/2026-27,Lome,USD,,,"10,000.00",0.09,9,Textile,"109,103.00",4/15/2026,15-Apr-2026,,,Payment Processed,DBS,25-Apr-2026,10-May-2026,,,52,1,25,82,138,
3/17/2026 16:37:16,17-Mar-2026,ulrica@sunshineltd.com,Ulrica,19-Mar-2026,Mar-2026,"Zhejiang Baofang Printing And Dyeing Co., Ltd",7243,080/7243/2026-27,Bangui,USD,,,"5,000.00",0.05,5,Textile,"93,925.00",4/15/2026,15-Apr-2026,,,Payment Processed,DBS,25-Apr-2026,9-May-2026,,,51,1,24,39,138,
3/17/2026 16:38:17,17-Mar-2026,ulrica@sunshineltd.com,Ulrica,19-Mar-2026,Mar-2026,"Zhejiang Baofang Printing And Dyeing Co., Ltd",7237,072/7237/2026-27,Cotonou,USD,,,"5,000.00",0.05,5,Textile,"109,890.00",4/15/2026,15-Apr-2026,,,Payment Processed,DBS,25-Apr-2026,10-Apr-2026,,,22,1,-5,-8,138,
3/17/2026 16:39:18,17-Mar-2026,ulrica@sunshineltd.com,Ulrica,19-Mar-2026,Mar-2026,"Zhejiang Baofang Printing And Dyeing Co., Ltd",7244,038/7244+7055/2026-27,SKTN,USD,,,"5,000.00",0.12,12,Textile,"41,081.00",4/15/2026,15-Apr-2026,,,Payment Processed,DBS,25-Apr-2026,29-Apr-2026,,,41,1,14,23,138,
3/18/2026 10:40:38,18-Mar-2026,shilpali@sunshineltd.com,Shilpali,19-Mar-2026,Mar-2026,TVS Srichakra Ltd,2200008465,3256/5023/2025-26,Abidjan,USD,,,"37,254.00",0.70,70,Automobile,"53,220.00",3/7/2026,07-Mar-2026,,,Payment Processed,DBS,17-Mar-2026,7-Mar-2026,,,,1,0,0,138,
3/18/2026 14:19:02,18-Mar-2026,ulrica@sunshineltd.com,Ulrica,19-Mar-2026,Mar-2026,"Zhejiang Baofang Printing And Dyeing Co., Ltd",7253+7254,103/7253+7254/2026-27,Lome,USD,,,"10,000.00",0.07,7,Textile,"134,160.00",4/20/2026,20-Apr-2026,,,Payment Processed,DBS,30-Apr-2026,14-May-2026,,,56,0,24,79,138,
3/19/2026 1:31:19,19-Mar-2026,joey@sunshineltd.com,Joey,19-Mar-2026,Mar-2026,"MITTO RUBBER TECHNOLOGY CO., LTD",MT260305-SUN005,117/2717/2026-27,Fabfer,USD,,,"13,155.00",0.30,30,Automobile,"43,850.00",3/31/2026,31-Mar-2026,,,Payment Processed,DBS,10-Apr-2026,9-Apr-2026,,,21,0,9,39,138,
3/19/2026 1:32:11,19-Mar-2026,joey@sunshineltd.com,Joey,19-Mar-2026,Mar-2026,"MITTO RUBBER TECHNOLOGY CO., LTD",MT260305-SUN006,118/2718/2026-27,Lome,USD,,,"13,200.00",0.30,30,Automobile,"44,000.00",4/15/2026,15-Apr-2026,,,Payment Processed,DBS,25-Apr-2026,21-May-2026,,,63,0,36,156,138,
3/19/2026 10:31:58,19-Mar-2026,asta@sunshineltd.com,Asta,19-Mar-2026,Mar-2026,"HEBEI XINNUO ROLL FORMING MACHINE CO., LTD.",XN20260317L03,115/2767/2026-27,Cotonou,USD,,,"4,080.00",0.40,40,Machinary,"10,200.00",5/10/2026,10-May-2026,,,Payment Processed,DBS,20-May-2026,13-Jun-2026,,,86,0,34,46,138,
3/19/2026 10:52:14,19-Mar-2026,shilpali@sunshineltd.com,Shilpali,19-Mar-2026,Mar-2026,RMT Nuts Trading Co Fzco,013/RMT FZCO-SUNSHINE/2026,3380,Vietnam,USD,,,"525,000.00",1.00,100,Food,"525,000.00",4/15/2026,15-Apr-2026,,,Payment Processed,DBS,25-Apr-2026,20-Apr-2026,CHANGE TO 640,,32,0,5,863,138,
3/19/2026 12:06:40,19-Mar-2026,ulrica@sunshineltd.com,Ulrica,23-Mar-2026,Mar-2026,HITARGET HONG KONG LIMITED,7232,031/7232/2026-27,Lome,USD,,,"30,000.00",0.27,27,Textile,"112,200.00",10/30/2026,30-Oct-2026,,,Payment Processed,DBS,09-Nov-2026,,,,,3,,0,134,
3/19/2026 19:45:58,19-Mar-2026,joey@sunshineltd.com,Joey,20-Mar-2026,Mar-2026,ETS DES VENTES POUR LAFRIQUE,PR260309,112/2763/2026-27,Cabinda,USD,,,"48,467.50",0.50,50,Sundry,"96,935.00",3/31/2026,31-Mar-2026,,DEPOSIT NEED PAID URGENT AND CATCH SHIPMENT ETD 31 MAR 2026,Payment Processed,DBS,10-Apr-2026,30-Mar-2026,MOVE TO 2638,,10,0,-1,-16,137,
3/19/2026 21:32:44,19-Mar-2026,joey@sunshineltd.com,Joey,20-Mar-2026,Mar-2026,"ANHUI HELI INDUSTRIAK VEHICKE IMP & EXP CO., LTD",D25726101-22,116/2714/2026-27,Fabfer,USD,,,"9,697.50",0.30,30,Automobile,"32,325.00",4/15/2026,15-Apr-2026,,,Payment Processed,DBS,25-Apr-2026,22-May-2026,,,63,0,37,118,137,
3/19/2026 22:42:04,19-Mar-2026,joey@sunshineltd.com,Joey,20-Mar-2026,Mar-2026,"TIANJIN SHINHOO FOOD CO.,LTD.",SHFD260130,108/2759/2026-27,Cotonou,USD,,,"7,383.70",0.10,10,Food,"73,837.00",5/15/2026,15-May-2026,,,Payment Processed,DBS,25-May-2026,11-May-2026,,,52,0,-4,-10,137,
3/19/2026 22:44:38,19-Mar-2026,joey@sunshineltd.com,Joey,20-Mar-2026,Mar-2026,"TIANJIN SHINHOO FOOD CO.,LTD.",SHFD260129,110/2761/2026-27,Cabinda,USD,,,"6,207.40",0.10,10,Food,"62,074.16",4/10/2026,10-Apr-2026,,,Payment Processed,DBS,20-Apr-2026,5-May-2026,,,46,0,25,51,137,
3/19/2026 22:46:16,19-Mar-2026,joey@sunshineltd.com,Joey,20-Mar-2026,Mar-2026,"HENAN TIANCHENG METAL MATERIAL CO., LTD.",TCR26031902,106/2756/2026-27,Brazzavile,USD,,,"12,108.00",0.15,15,Sundry,"80,724.00",5/30/2026,30-May-2026,,,Payment Processed,DBS,09-Jun-2026,19-Jul-2026,,,121,0,50,199,137,
3/19/2026 22:47:45,19-Mar-2026,joey@sunshineltd.com,Joey,20-Mar-2026,Mar-2026,"LINYI JICHUANG IMPORT & EXPORT CO., LTD.",260704,109/2760/2026-27,Cabinda,USD,,,"3,936.00",0.10,10,Sundry,"40,344.00",5/29/2026,29-May-2026,,,Payment Processed,SCB,08-Jun-2026,23-Jun-2026,,,95,0,25,32,137,
3/20/2026 11:32:44,20-Mar-2026,ulrica@sunshineltd.com,Ulrica,24-Mar-2026,Mar-2026,Sichuan Cotton and Ramie Group Corporation,7271,123/7271/2026-27,Lome,USD,,,"10,000.00",0.09,9,Textile,"106,080.00",4/15/2026,15-Apr-2026,,,Payment Processed,DBS,25-Apr-2026,9-May-2026,,,46,4,24,79,133,
3/20/2026 11:34:03,20-Mar-2026,ulrica@sunshineltd.com,Ulrica,24-Mar-2026,Mar-2026,Sichuan Cotton and Ramie Group Corporation,7272,124/7272/2026-27,Lome,USD,,,"10,000.00",0.09,9,Textile,"106,080.00",4/15/2026,15-Apr-2026,,,Payment Processed,DBS,25-Apr-2026,9-May-2026,,,46,4,24,79,133,
3/20/2026 14:00:32,20-Mar-2026,asta@sunshineltd.com,Asta,24-Mar-2026,Mar-2026,"TIAN YOU XIN CHENG(HONG KONG) HOLDING CO., LIMITED",TY26030149,132/2774/2026-27,Cotonou,USD,,,"24,998.40",0.10,10,Hardware - Building Material,"249,984.00",4/30/2026,30-Apr-2026,,,Payment Processed,DBS,10-May-2026,13-Jun-2026,,,81,3,44,362,133,
3/20/2026 15:28:04,20-Mar-2026,asta@sunshineltd.com,Asta,20-Mar-2026,Mar-2026,"SHIJIAZHUANG SUNSHINE IMP&EXP TRADE CO., LTD.",2025SS06205C,3379/2765/2025-26,Mozambique,USD,,,"40,999.70",1.00,100,Hardware - Building Material,"40,999.70",2/13/2026,13-Feb-2026,,,Payment Processed,DBS,23-Feb-2026,13-Feb-2026,,,,-1,0,0,137,
3/21/2026 0:12:21,21-Mar-2026,joey@sunshineltd.com,Joey,24-Mar-2026,Mar-2026,URBAN LABS INTERNATIONAL LLC S.A.,3251726,134/2779/2026-27,SKTN,USD,,,"19,367.50",0.50,50,Sundry,"38,735.00",4/15/2026,15-Apr-2026,,,Payment Processed,DBS,25-Apr-2026,26-Mar-2026,CHANGE TO 2510,,2,3,-20,-127,133,
3/21/2026 0:13:58,21-Mar-2026,joey@sunshineltd.com,Joey,24-Mar-2026,Mar-2026,"SICHUAN PROVINCE HUIQUAN CANNED FOOD CO., LTD",20260320 PO2737,085/2737/2026-27,Point Noire,USD,,,"3,350.00",0.10,10,Food,"33,497.60",3/6/2026,06-Mar-2026,,,Payment Processed,DBS,16-Mar-2026,31-May-2026,,,68,3,86,95,133,
3/21/2026 0:14:57,21-Mar-2026,joey@sunshineltd.com,Joey,24-Mar-2026,Mar-2026,"SICHUAN PROVINCE HUIQUAN CANNED FOOD CO., LTD",20260319 PO2738,086/2738/2026-27,Point Noire,USD,,,"3,443.00",0.10,10,Food,"34,432.00",4/30/2026,30-Apr-2026,,,Payment Processed,DBS,10-May-2026,11-Jun-2026,,,79,3,42,48,133,
3/21/2026 0:16:10,21-Mar-2026,joey@sunshineltd.com,Joey,08-Apr-2026,Apr-2026,SHIJIAZHUANG ZHONGYA CANDLE CO LTD.,ZY260320-1,126/2768/2026-27,SKTN,USD,,,"6,752.00",0.20,20,Sundry,"33,760.00",4/24/2026,24-Apr-2026,,,Payment Processed,CITI,04-May-2026,24-May-2026,,,46,18,30,67,118,
3/21/2026 0:17:26,21-Mar-2026,joey@sunshineltd.com,Joey,08-Apr-2026,Apr-2026,SHIJIAZHUANG ZHONGYA CANDLE CO LTD.,ZY260320-2,127/2769/2026-27,SKTN,USD,,,"13,504.00",0.40,40,Sundry,"33,760.00",4/24/2026,24-Apr-2026,,,Payment Processed,CITI,04-May-2026,2-Jun-2026,,,55,18,39,173,118,
3/21/2026 0:18:21,21-Mar-2026,joey@sunshineltd.com,Joey,08-Apr-2026,Apr-2026,SHIJIAZHUANG ZHONGYA CANDLE CO LTD.,ZY260320-3,128/2770/2026-27,SKTN,USD,,,"13,504.00",0.40,40,Sundry,"33,760.00",5/22/2026,22-May-2026,,,Payment Processed,CITI,01-Jun-2026,19-Jul-2026,,,102,18,58,258,118,
3/21/2026 1:10:17,21-Mar-2026,joey@sunshineltd.com,Joey,24-Mar-2026,Mar-2026,"MITTO RUBBER TECHNOLOGY CO., LTD",MT260312-PO2540,3003/2510B+2540/2025-26,Lome,USD,,,"34,900.00",1.00,100,Automobile,"34,900.00",3/27/2026,27-Mar-2026,,,Payment Processed,DBS,06-Apr-2026,9-Apr-2026,MOVE TO 301 117,,16,3,13,149,133,
3/23/2026 11:33:25,23-Mar-2026,asta@sunshineltd.com,Asta,24-Mar-2026,Mar-2026,"TIAN YOU XIN CHENG(HONG KONG) HOLDING CO., LIMITED",TY26030150,133/2777/2026-27,Cotonou,USD,,,"16,921.00",0.10,10,Hardware - Building Material,"169,210.00",5/30/2026,30-May-2026,,,Payment Processed,DBS,09-Jun-2026,13-Jun-2026,,,81,1,14,78,133,
3/24/2026 16:00:49,24-Mar-2026,asta@sunshineltd.com,Asta,26-Mar-2026,Mar-2026,"ZHEJIANG SHARBO ELECTRIC APPLIANCE CO., LTD.",XB26-R1033,139/2783/2026-27,Mali,USD,,,"43,738.00",0.20,20,White Goods,"218,690.00",5/15/2026,15-May-2026,,,Payment Processed,DBS,25-May-2026,4-Jul-2026,,,100,1,50,719,131,
3/24/2026 16:02:41,24-Mar-2026,asta@sunshineltd.com,Asta,26-Mar-2026,Mar-2026,"ZHEJIANG SHARBO ELECTRIC APPLIANCE CO., LTD.",XB26-R1034,140/2784/2026-27,Mali,USD,,,"19,486.00",0.20,20,White Goods,"97,430.00",5/15/2026,15-May-2026,,,Payment Processed,DBS,25-May-2026,23-Jul-2026,,,119,1,69,442,131,
3/25/2026 15:57:25,25-Mar-2026,asta@sunshineltd.com,Asta,26-Mar-2026,Mar-2026,"DINGZHOU CITY RUILI NAILS PRODUCTS CO., LTD.",JTMWR20260320A,141/2775/2026-27,Cotonou,USD,,,"3,316.86",0.10,10,Hardware - Building Material,"33,168.58",5/15/2026,15-May-2026,,,Payment Processed,DBS,25-May-2026,12-Jun-2026,,,78,0,28,31,131,
3/25/2026 15:59:38,25-Mar-2026,asta@sunshineltd.com,Asta,26-Mar-2026,Mar-2026,"DINGZHOU CITY RUILI NAILS PRODUCTS CO., LTD.",JTMWR20260320B,142/2776/2026-27,Cotonou,USD,,,"3,374.33",0.10,10,Hardware - Building Material,"33,743.30",5/15/2026,15-May-2026,,,Payment Processed,DBS,25-May-2026,10-Jun-2026,,,76,0,26,29,131,
3/26/2026 10:50:29,26-Mar-2026,asta@sunshineltd.com,Asta,26-Mar-2026,Mar-2026,"SHIJIAZHUANG SUNSHINE IMP&EXP TRADE CO., LTD.",2025SS06206B,3083/2788/2025-26,Mozambique,USD,,,"44,560.20",1.00,100,Hardware - Building Material,"44,560.20",1/29/2026,29-Jan-2026,,,Payment Processed,DBS,08-Feb-2026,29-Jan-2026,,,,0,0,0,131,
3/27/2026 9:45:20,27-Mar-2026,ulrica@sunshineltd.com,Ulrica,27-Mar-2026,Mar-2026,Linqing Sanhe Textiles Group Co Ltd,KC260326/7241,093/7241+7240/2026-27,Sar Saidu,USD,,,"88,008.00",1.00,100,Textile,"88,008.00",3/27/2027,27-Mar-2027,,,Payment Processed,SCB,06-Apr-2027,11-Apr-2026,,,15,0,,0,130,
3/27/2026 10:59:52,27-Mar-2026,ulrica@sunshineltd.com,Ulrica,02-Apr-2026,Apr-2026,"Zhejiang Baofang Printing And Dyeing Co., Ltd",7255+7279,120/7255+7279/2026-27,Lome,USD,,,"10,000.00",0.08,8,Textile,"118,833.00",3/31/2026,31-Mar-2026,,,Payment Processed,SCB,10-Apr-2026,10-May-2026,,,38,6,40,132,124,
3/27/2026 11:00:59,27-Mar-2026,ulrica@sunshineltd.com,Ulrica,02-Apr-2026,Apr-2026,"Zhejiang Baofang Printing And Dyeing Co., Ltd",7269+7280,121/7269+7280/2026-27,Lome,USD,,,"10,000.00",0.08,8,Textile,"118,833.00",3/31/2026,31-Mar-2026,,,Payment Processed,SCB,10-Apr-2026,31-May-2026,,,59,6,61,201,124,
3/27/2026 11:03:55,27-Mar-2026,ulrica@sunshineltd.com,Ulrica,02-Apr-2026,Apr-2026,"Zhejiang Baofang Printing And Dyeing Co., Ltd",7276,034/7276/2026-27,Point Noire,USD,,,"5,000.00",0.09,9,Textile,"54,774.72",3/31/2026,31-Mar-2026,,,Payment Processed,SCB,10-Apr-2026,11-May-2026,,,39,6,41,67,124,
3/27/2026 15:51:51,27-Mar-2026,shilpali@sunshineltd.com,Shilpali,27-Mar-2026,Mar-2026,Ashok Leyland Ltd,EXP/BENIN/2026/01,3421/5008/2025-26,Cotonou,USD,,,"23,340.00",0.45,45,Automobile,"52,340.00",4/15/2026,15-Apr-2026,,,Payment Processed,DBS,25-Apr-2026,,CHANGE TO 652/2026-27,101,,-1,111,852,130,
3/30/2026 10:39:40,30-Mar-2026,anil@sunshineltd.com,Anil,31-Mar-2026,Mar-2026,"XING WAN YANG INTERNATIONAL TRADE CO., LIMITED",XWY-26CN1030/1031,160/2790/2026-27,Point Noire,USD,,,"18,300.00",0.30,30,Frozen,"61,000.00",4/20/2026,20-Apr-2026,,,Payment Processed,CITI,30-Apr-2026,12-May-2026,,,42,1,22,132,126,
3/30/2026 10:40:32,30-Mar-2026,anil@sunshineltd.com,Anil,31-Mar-2026,Mar-2026,"XING WAN YANG INTERNATIONAL TRADE CO., LIMITED",XWY-26CN1032/1033,161/2791/2026-27,Point Noire,USD,,,"18,300.00",0.30,30,Frozen,"61,000.00",5/10/2026,10-May-2026,,,Payment Processed,CITI,20-May-2026,4-Jun-2026,,,65,1,25,150,126,
3/30/2026 11:31:39,30-Mar-2026,shilpali@sunshineltd.com,Shilpali,01-Apr-2026,Apr-2026,Ashok Leyland Ltd,EXP/ROC/2026/03,175/5005/2026-27,Point Noire,USD,,,"100,500.00",1.00,100,Automobile,"100,500.00",4/24/2026,24-Apr-2026,,,Payment Processed,CITI,04-May-2026,,,92,,2,102,"3,370",125,
3/31/2026 0:58:46,31-Mar-2026,joey@sunshineltd.com,Joey,01-Apr-2026,Apr-2026,"ZHANGZHOU GREENCAN FOOD CO., LTD.",CGC26092,129/2771/2026-27,SKTN,USD,,,"2,301.00",0.20,20,Food,"11,505.00",4/24/2026,24-Apr-2026,,,Payment Processed,DBS,04-May-2026,18-May-2026,,,47,1,24,18,125,
3/31/2026 1:00:22,31-Mar-2026,joey@sunshineltd.com,Joey,01-Apr-2026,Apr-2026,"ZHANGZHOU GREENCAN FOOD CO., LTD.",CGC26093,130/2772/2026-27,SKTN,USD,,,"2,301.00",0.20,20,Food,"11,505.00",5/22/2026,22-May-2026,,,Payment Processed,DBS,01-Jun-2026,31-May-2026,,,60,1,9,7,125,
3/31/2026 1:02:16,31-Mar-2026,joey@sunshineltd.com,Joey,02-Apr-2026,Apr-2026,"ANGEL YEAST (HONGKONG) CO.,LTD",AE26COGSH04,107/2758/2026-27,Cotonou,USD,,,"18,468.00",0.20,20,Food,"92,340.00",5/22/2026,22-May-2026,,,Payment Processed,SCB,01-Jun-2026,14-May-2026,,,42,2,-8,-49,124,
3/31/2026 1:03:39,31-Mar-2026,joey@sunshineltd.com,Joey,02-Apr-2026,Apr-2026,F&B NUTRITION SDN BHD,3910012798,081/2736/2026-27,Point Noire,USD,,,"14,580.00",0.20,20,Food,"72,900.00",4/20/2026,20-Apr-2026,,,Payment Processed,DBS,30-Apr-2026,17-May-2026,,,45,2,27,129,124,
3/31/2026 19:29:05,31-Mar-2026,robin@sunshineltd.com,Robin,01-Apr-2026,Apr-2026,SHANDONG GANQUAN IMPORT AND EXPORT CO LTD.,GQ26319MIA3,079/2735/2026-27,Cotonou,USD,,,"8,219.00",0.10,10,Hardware - Building Material,"82,190.00",4/30/2026,30-Apr-2026,,,Payment Processed,DBS,10-May-2026,13-Jun-2026,,,73,0,44,119,125,
4/1/2026 11:53:15,01-Apr-2026,robin@sunshineltd.com,Robin,01-Apr-2026,Apr-2026,"LUANNAN XINFA AGRICULTURAL TOOL CO., LTD.",ERIC20260330,196/2804/2026-27,Cotonou,USD,,,"2,828.01",0.10,10,Hardware - Building Material,"28,280.10",5/16/2026,16-May-2026,,,Payment Processed,DBS,26-May-2026,29-Jul-2026,,,119,0,74,69,125,
4/1/2026 11:57:14,01-Apr-2026,robin@sunshineltd.com,Robin,01-Apr-2026,Apr-2026,"DINGZHOU CITY RUILI NAILS PRODUCTS CO., LTD.",JTMWR20260325,197/2789/2026-27,Cotonou,USD,,,"3,654.65",0.10,10,Hardware - Building Material,"36,546.54",5/16/2026,16-May-2026,,,Payment Processed,DBS,26-May-2026,17-Jun-2026,,,77,0,32,38,125,
4/1/2026 12:00:08,01-Apr-2026,robin@sunshineltd.com,Robin,01-Apr-2026,Apr-2026,"DINGZHOU CITY RUILI NAILS PRODUCTS CO., LTD.",JTMWR20260331A,191/2799/2026-27,Mali,USD,,,"1,805.63",0.10,10,Hardware - Building Material,"18,056.25",5/9/2026,09-May-2026,,,Payment Processed,DBS,19-May-2026,3-Jul-2026,,,93,-1,55,33,125,
4/1/2026 12:08:33,01-Apr-2026,robin@sunshineltd.com,Robin,01-Apr-2026,Apr-2026,"DINGZHOU CITY RUILI NAILS PRODUCTS CO., LTD.",JTMWR20260331B,192/2800/2026-27,Mali,USD,,,902.81,0.10,10,Hardware - Building Material,"9,028.13",5/9/2026,09-May-2026,,,Payment Processed,DBS,19-May-2026,3-Jul-2026,,,93,-1,55,16,125,
4/1/2026 12:17:25,01-Apr-2026,robin@sunshineltd.com,Robin,01-Apr-2026,Apr-2026,"DINGZHOU CITY RUILI NAILS PRODUCTS CO., LTD.",JTMWR20260331C,193/2801/2026-27,Mali,USD,,,"6,156.63",0.10,10,Hardware - Building Material,"61,566.25",5/9/2026,09-May-2026,,,Payment Processed,DBS,19-May-2026,,,77,,-1,87,176,125,
4/1/2026 12:18:07,01-Apr-2026,ulrica@sunshineltd.com,Ulrica,01-Apr-2026,Apr-2026,HITARGET HONG KONG LIMITED,7291,199/7291/2026-27,NARESH BURKINA FASO,USD,,,"30,000.00",0.26,26,Textile,"113,400.00",4/1/2026,01-Apr-2026,,,Payment Processed,CITI,11-Apr-2026,,,115,,-1,125,"1,233",125,
4/1/2026 12:38:14,01-Apr-2026,robin@sunshineltd.com,Robin,01-Apr-2026,Apr-2026,"DINGZHOU CITY RUILI NAILS PRODUCTS CO., LTD.",JTMWR20260331D,194/2802/2026-27,Mali,USD,,,"1,805.63",0.10,10,Hardware - Building Material,"18,056.25",5/9/2026,09-May-2026,,,Payment Processed,DBS,19-May-2026,21-Jul-2026,,,111,-1,73,43,125,
4/1/2026 12:40:25,01-Apr-2026,robin@sunshineltd.com,Robin,01-Apr-2026,Apr-2026,"LUANNAN XINFA AGRICULTURAL TOOL CO., LTD.",ERIC20260328,195/2803/2026-27,Cotonou,USD,,,"2,102.59",0.10,10,Hardware - Building Material,"21,025.86",5/16/2026,16-May-2026,,,Payment Processed,DBS,26-May-2026,21-Jun-2026,,,81,-1,36,25,125,
4/8/2026 10:43:07,08-Apr-2026,asta@sunshineltd.com,Asta,02-Apr-2026,Apr-2026,"SHIJIAZHUANG SUNSHINE IMP&EXP TRADE CO., LTD.",2025SS06205D,2355/2793/2025-26,Mozambique,USD,,,"42,699.00",1.00,100,Hardware - Building Material,"42,699.00",2/11/2026,11-Feb-2026,,,Payment Processed,DBS,21-Feb-2026,11-Feb-2026,,,,-6,0,0,124,
4/8/2026 11:35:28,08-Apr-2026,shilpali@sunshineltd.com,Shilpali,02-Apr-2026,Apr-2026,RMT Nuts Trading Co Fzco,014/RMT FZCO-SUNSHINE/2026,276/6004/2026-27,Vietnam,USD,,,"503,750.00",1.00,100,Food,"503,750.00",4/25/2026,25-Apr-2026,,,Payment Processed,DBS,05-May-2026,,,91,,-6,101,"16,727",124,
4/8/2026 11:36:26,08-Apr-2026,asta@sunshineltd.com,Asta,02-Apr-2026,Apr-2026,"SHIJIAZHUANG SUNSHINE IMP&EXP TRADE CO., LTD.",2025SS06193,2466/2818/2025-26,Mozambique,USD,,,"20,186.00",1.00,100,Hardware - Building Material,"20,186.00",1/26/2026,26-Jan-2026,,,Payment Processed,DBS,05-Feb-2026,26-Jan-2026,,,,-6,0,0,124,
4/8/2026 14:37:59,08-Apr-2026,asta@sunshineltd.com,Asta,15-Apr-2026,Apr-2026,"SHIJIAZHUANG SUNSHINE IMP&EXP TRADE CO., LTD.",2026SS6027,2423/2794/2025-26,Mozambique,USD,,,"20,172.00",1.00,100,Hardware - Building Material,"20,172.00",3/20/2026,20-Mar-2026,,,Payment Processed,DBS,30-Mar-2026,10-Mar-2026,,,,6,-10,-66,111,
4/8/2026 14:52:55,08-Apr-2026,joey@sunshineltd.com,Joey,15-Apr-2026,Apr-2026,AFRINEXT OVERSEAS PRIVATE LIMITED,IN/FRO/009/25-26,221/3004/2026-27,Fronext,USD,,,"103,877.28",1.00,100,Hardware - Raw Material,"103,877.28",4/30/2026,30-Apr-2026,,,Payment Processed,DBS,10-May-2026,,,86,,6,96,"3,279",111,
4/9/2026 4:31:52,09-Apr-2026,joey@sunshineltd.com,Joey,13-Apr-2026,Apr-2026,F&B NUTRITION SDN BHD,3910012935,111/2762/2026-27,Cabinda,USD,,,"9,720.00",0.20,20,Food,"48,600.00",4/20/2026,20-Apr-2026,,,Payment Processed,DBS,30-Apr-2026,7-Jun-2026,,,55,4,48,153,113,
4/9/2026 11:46:29,09-Apr-2026,joey@sunshineltd.com,Joey,14-Apr-2026,Apr-2026,"BAODING GREAT WALL INTERNATIONAL TRADE CO., LTD.",112/2813/2026-27,134/2814A/2026-27,Conakry,USD,,,"120,162.50",0.50,50,Automobile,"240,325.00",5/15/2026,15-May-2026,,,Payment Processed,DBS,25-May-2026,22-Jun-2026,,,69,5,38,"1,501",112,
4/9/2026 11:52:38,09-Apr-2026,connie@sunshineltd.com,Connie,15-Apr-2026,Apr-2026,HITARGET HONG KONG LIMITED,SUN-2026-7,293/7296/2026-27,NARESH BURKINA FASO,USD,,,"10,000.00",0.09,9,Textile,"114,600.00",7/30/2026,30-Jul-2026,,,Payment Processed,DBS,09-Aug-2026,,,,,6,5,16,111,
4/9/2026 12:00:16,09-Apr-2026,connie@sunshineltd.com,Connie,15-Apr-2026,Apr-2026,HITARGET HONG KONG LIMITED,SUN-2026-8 / 7297,294/7297/2026-27,NARESH BURKINA FASO,USD,,,"10,000.00",0.09,9,Textile,"114,600.00",8/30/2026,30-Aug-2026,,,Payment Processed,DBS,09-Sep-2026,,,,,5,,0,111,
4/9/2026 12:02:39,09-Apr-2026,connie@sunshineltd.com,Connie,15-Apr-2026,Apr-2026,HITARGET HONG KONG LIMITED,SUN-2026-9 / 7298,295/7298/2026-27,NARESH BURKINA FASO,USD,,,"10,000.00",0.09,9,Textile,"114,600.00",9/30/2026,30-Sep-2026,,,Payment Processed,DBS,10-Oct-2026,,,,,5,,0,111,
4/9/2026 12:04:10,09-Apr-2026,connie@sunshineltd.com,Connie,21-Apr-2026,Apr-2026,HITARGET HONG KONG LIMITED,SUN-2026-10/ 7299,296/7299/2026-27,NARESH BURKINA FASO,USD,,,"10,000.00",0.09,9,Textile,"114,600.00",10/30/2026,30-Oct-2026,,,Payment Processed,DBS,09-Nov-2026,,,,,11,,0,105,
4/9/2026 12:05:46,09-Apr-2026,connie@sunshineltd.com,Connie,21-Apr-2026,Apr-2026,HITARGET HONG KONG LIMITED,SUN-2026-11/ 7300,297/7300/2026-27,NARESH BURKINA FASO,USD,,,"10,000.00",0.09,9,Textile,"114,600.00",11/30/2026,30-Nov-2026,,,Payment Processed,DBS,10-Dec-2026,,,,,11,,0,105,
4/9/2026 12:07:35,09-Apr-2026,connie@sunshineltd.com,Connie,21-Apr-2026,Apr-2026,HITARGET HONG KONG LIMITED,SUN-2026-12/7301,298/7301/2026-27,NARESH BURKINA FASO,USD,,,"10,000.00",0.09,9,Textile,"114,600.00",12/30/2026,30-Dec-2026,,,Payment Processed,DBS,09-Jan-2027,,,,,11,,0,105,
4/9/2026 12:38:48,09-Apr-2026,joey@sunshineltd.com,Joey,14-Apr-2026,Apr-2026,"BAODING GREAT WALL INTERNATIONAL TRADE CO., LTD.",GJIWA2604004P,216/2814B/2026-27,Conakry,USD,,,"598,487.50",0.50,50,Automobile,"1,196,975.00",5/15/2026,15-May-2026,,,Payment Processed,DBS,25-May-2026,,,71,,4,81,"15,938",112,
4/9/2026 12:42:42,09-Apr-2026,joey@sunshineltd.com,Joey,14-Apr-2026,Apr-2026,"BAODING GREAT WALL INTERNATIONAL TRADE CO., LTD.",GJIWA2604004P,217/2814C/2026-27,Conakry,USD,,,"560,947.50",0.50,50,Automobile,"1,121,895.00",5/15/2026,15-May-2026,,,Payment Processed,DBS,25-May-2026,13-Jun-2026,,,60,4,29,"5,348",112,
4/9/2026 21:29:03,09-Apr-2026,joey@sunshineltd.com,Joey,15-Apr-2026,Apr-2026,"ANHUI HELI INDUSTRIAK VEHICKE IMP & EXP CO., LTD",D25726101-32,113/2764/2026-27,Point Noire,USD,,,"33,316.50",0.30,30,Automobile,"111,055.00",5/7/2026,07-May-2026,,,Payment Processed,DBS,17-May-2026,18-Jun-2026,,,64,5,42,460,111,
4/10/2026 10:28:14,10-Apr-2026,asta@sunshineltd.com,Asta,15-Apr-2026,Apr-2026,J. MARR (SEAFOODS) LIMITED,10724,201/2806/2026-27,Point Noire,EUR,,,"5,808.80",0.10,10,Frozen,"58,088.00",4/20/2026,20-Apr-2026,,,Payment Processed,DBS,30-Apr-2026,16-Apr-2026,,,1,5,-4,-8,111,
4/10/2026 11:16:19,10-Apr-2026,yogesh.tulsiani@sunshineltd.com,Yogesh.Tulsiani,13-Apr-2026,Apr-2026,"ZHEJIANG XINGXING REFRIGERATION CO., LTD.",SUNXX-260408,193/3020/2026-27,Mali,USD,,,"14,242.80",0.20,20,White Goods,"71,214.00",5/31/2026,31-May-2026,,,Payment Processed,SCB,10-Jun-2026,,,55,,3,65,304,113,
4/10/2026 11:16:23,10-Apr-2026,robin@sunshineltd.com,Robin,,Dec-1899,"WELFULL GROUP CO., LIMITED",W1526Z720HS,284/3027/2026-27,Cotonou,USD,,,"7,005.60",1.00,100,Hardware - Building Material,"7,005.60",5/16/2026,16-May-2026,Cancelled,,Canceled by Merchandiser,,26-May-2026,13-Jun-2026,,,46186,,28,,"46,238",
4/10/2026 11:17:57,10-Apr-2026,yogesh.tulsiani@sunshineltd.com,Yogesh.Tulsiani,13-Apr-2026,Apr-2026,"NINGBO CHANGER ELECTRONCO., LTD.",CJ-B20260408-BO,194/3019-2026-27,Mali,USD,,,"10,241.60",0.20,20,White Goods,"51,208.00",5/31/2026,31-May-2026,,,Payment Processed,SCB,10-Jun-2026,21-Jul-2026,,,99,3,51,172,113,
4/10/2026 11:18:06,10-Apr-2026,robin@sunshineltd.com,Robin,15-Apr-2026,Apr-2026,"WELFULL GROUP CO., LIMITED",W1526Z720HS,284/3027/2026-27,Cotonou,USD,,,"7,005.60",0.10,10,Hardware - Building Material,"70,056.00",5/16/2026,16-May-2026,,,Payment Processed,DBS,26-May-2026,,,70,,5,80,184,111,
4/10/2026 11:19:23,10-Apr-2026,yogesh.tulsiani@sunshineltd.com,Yogesh.Tulsiani,10-Apr-2026,Apr-2026,"TAIZHOU TONGJIA IMPORT & EXPORT CO.,LTD",2026408-3,289/3024-2026-27,Mali,USD,,,"15,552.00",0.30,30,White Goods,"51,840.00",5/31/2026,31-May-2026,,,Payment Processed,DBS,10-Jun-2026,3-Jul-2026,,,84,0,33,169,116,
4/10/2026 11:19:31,10-Apr-2026,robin@sunshineltd.com,Robin,15-Apr-2026,Apr-2026,"WELFULL GROUP CO., LIMITED",W1526Z714HS,299/3028/2026-27,Cotonou,USD,,,"8,982.40",0.10,10,Hardware - Building Material,"89,824.00",5/9/2026,09-May-2026,,,Payment Processed,DBS,19-May-2026,11-Jun-2026,,,57,5,33,97,111,
4/10/2026 11:20:19,10-Apr-2026,robin@sunshineltd.com,Robin,15-Apr-2026,Apr-2026,"WELFULL GROUP CO., LIMITED",W1526Z715HS,300/3029/2026-27,Cotonou,USD,,,"8,982.40",0.10,10,Hardware - Building Material,"89,824.00",5/30/2026,30-May-2026,,,Payment Processed,DBS,09-Jun-2026,11-Jun-2026,,,57,5,12,35,111,
4/10/2026 11:20:34,10-Apr-2026,yogesh.tulsiani@sunshineltd.com,Yogesh.Tulsiani,10-Apr-2026,Apr-2026,"TAIZHOU TONGJIA IMPORT & EXPORT CO.,LTD",20260408-1,192/3022-2026-27,Mali,USD,,,"13,608.00",0.30,30,White Goods,"45,360.00",5/31/2026,31-May-2026,,,Payment Processed,DBS,10-Jun-2026,3-Jul-2026,,,84,0,33,148,116,
4/10/2026 11:21:46,10-Apr-2026,yogesh.tulsiani@sunshineltd.com,Yogesh.Tulsiani,10-Apr-2026,Apr-2026,"TAIZHOU TONGJIA IMPORT & EXPORT CO.,LTD",20260408-2,191/3023-2026-27,Mali,USD,,,"16,789.50",0.30,30,White Goods,"55,965.00",5/31/2026,31-May-2026,,,Payment Processed,DBS,10-Jun-2026,3-Jul-2026,,,84,0,33,182,116,
4/10/2026 11:23:27,10-Apr-2026,yogesh.tulsiani@sunshineltd.com,Yogesh.Tulsiani,10-Apr-2026,Apr-2026,"ZHEJIANG XINGXING REFRIGERATION CO., LTD.",SUNXX-260331,282/3018-2026-27,Lome,USD,,,"4,746.40",0.20,20,White Goods,"23,732.00",6/15/2026,15-Jun-2026,,,Payment Processed,DBS,25-Jun-2026,2-Jul-2026,,,83,0,17,27,116,
4/10/2026 11:24:47,10-Apr-2026,yogesh.tulsiani@sunshineltd.com,Yogesh.Tulsiani,13-Apr-2026,Apr-2026,NEWTECH GLOBAL LIMITED,MX-260408A,281/3017-2026-27,Point Noire,USD,,,"5,507.70",0.30,30,White Goods,"18,359.00",5/31/2026,31-May-2026,,,Payment Processed,DBS,10-Jun-2026,,,55,,3,65,118,113,
4/10/2026 11:26:00,10-Apr-2026,yogesh.tulsiani@sunshineltd.com,Yogesh.Tulsiani,10-Apr-2026,Apr-2026,"ZHEJIANG SHARBO ELECTRIC APPLIANCE CO., LTD.",XB26-R1037,278/3014-2026-27,Lome,USD,,,"8,464.80",0.20,20,White Goods,"42,324.00",5/31/2026,31-May-2026,,,Payment Processed,DBS,10-Jun-2026,2-Jul-2026,,,83,0,32,89,116,
4/10/2026 11:27:03,10-Apr-2026,yogesh.tulsiani@sunshineltd.com,Yogesh.Tulsiani,10-Apr-2026,Apr-2026,"ZHEJIANG SHARBO ELECTRIC APPLIANCE CO., LTD.",XB26-R1038,279/3015-2026-27,Lome,USD,,,"8,745.60",0.20,20,White Goods,"43,728.00",5/31/2026,31-May-2026,,,Payment Processed,DBS,10-Jun-2026,2-Jul-2026,,,83,0,32,92,116,
4/10/2026 11:28:08,10-Apr-2026,yogesh.tulsiani@sunshineltd.com,Yogesh.Tulsiani,10-Apr-2026,Apr-2026,"ZHEJIANG SHARBO ELECTRIC APPLIANCE CO., LTD.",XB26-R1039,280/3016-2026-27,Point Noire,USD,,,"8,464.80",0.20,20,White Goods,"42,324.00",5/31/2026,31-May-2026,,,Payment Processed,DBS,10-Jun-2026,4-Jul-2026,,,85,0,34,95,116,
4/10/2026 14:46:38,10-Apr-2026,robin@sunshineltd.com,Robin,15-Apr-2026,Apr-2026,WUXI SHENDA NAIL MACHINERY FACTORY,WXSD20260409,329/3037/2026-27,Fabfer,USD,,,"15,830.00",1.00,100,Hardware - Building Material,"15,830.00",5/2/2026,02-May-2026,,,Payment Processed,DBS,12-May-2026,10-Jun-2026,,,56,4,39,203,111,
4/10/2026 15:59:20,10-Apr-2026,joey@sunshineltd.com,Joey,16-Apr-2026,Apr-2026,"FAW TRUCKS INTERNATIONAL CO., LTD.",26FAWT0197,112/2813/2026-27,Point Noire,USD,,,"68,608.00",0.20,20,Automobile,"343,040.00",5/10/2026,10-May-2026,,,Payment Processed,DBS,20-May-2026,,,76,,5,86,"1,940",110,
4/10/2026 19:34:38,10-Apr-2026,asta@sunshineltd.com,Asta,15-Apr-2026,Apr-2026,AGROPEAK DMCC,001/202207765,179/3013/2026-27,Point Noire,USD,,,"28,674.00",0.30,30,Frozen,"95,580.00",4/20/2026,20-Apr-2026,,,Payment Processed,SCB,30-Apr-2026,20-Apr-2026,,,5,4,0,0,111,
4/13/2026 11:33:49,13-Apr-2026,yogesh.tulsiani@sunshineltd.com,Yogesh.Tulsiani,16-Apr-2026,Apr-2026,HK Hanyang international limited,LED0407-3,316/3035/2026-27,Mali,USD,,,"29,314.20",0.20,20,White Goods,"146,706.00",5/31/2026,31-May-2026,,,Payment Processed,DBS,10-Jun-2026,30-Jul-2026,,,105,3,60,578,110,
4/13/2026 11:35:06,13-Apr-2026,yogesh.tulsiani@sunshineltd.com,Yogesh.Tulsiani,16-Apr-2026,Apr-2026,HK Hanyang international limited,LED0407-1,345/3044/2026-27,Mali,USD,,,"64,395.20",0.20,20,White Goods,"321,976.00",5/31/2026,31-May-2026,,,Payment Processed,DBS,10-Jun-2026,6-Jun-2026,,,51,3,6,127,110,
4/13/2026 11:36:18,13-Apr-2026,yogesh.tulsiani@sunshineltd.com,Yogesh.Tulsiani,16-Apr-2026,Apr-2026,HK Hanyang international limited,LED0407-2,317/3036-2026-27,Mali,USD,,,"59,190.40",0.20,20,White Goods,"295,952.00",5/31/2026,31-May-2026,,,Payment Processed,DBS,10-Jun-2026,27-Jun-2026,,,72,3,27,525,110,
4/13/2026 12:25:27,13-Apr-2026,ulrica@sunshineltd.com,Ulrica,15-Apr-2026,Apr-2026,"Zhejiang Baofang Printing And Dyeing Co., Ltd",7285,320/7285/2026-27,Lome,USD,,,"5,000.00",0.08,8,Textile,"62,799.00",4/17/2026,17-Apr-2026,,,Payment Processed,CITI,27-Apr-2026,24-Jun-2026,,,70,1,68,112,111,
4/13/2026 12:26:35,13-Apr-2026,ulrica@sunshineltd.com,Ulrica,15-Apr-2026,Apr-2026,"Zhejiang Baofang Printing And Dyeing Co., Ltd",7289,318/7289/2026-27,NARESH BURKINA FASO,USD,,,"5,000.00",0.04,4,Textile,"124,227.00",4/17/2026,17-Apr-2026,,,Payment Processed,CITI,27-Apr-2026,20-Jun-2026,,,66,1,64,105,111,
4/13/2026 19:11:46,13-Apr-2026,robin@sunshineltd.com,Robin,15-Apr-2026,Apr-2026,"QINGDAO NASCENT SPECIAL HAND TRUCK CO., LTD.",PI20260413-1,360/3045/2026-27,Fronext,USD,,,"5,616.00",0.20,20,Hardware - Building Material,"28,080.00",5/31/2026,31-May-2026,,,Payment Processed,DBS,10-Jun-2026,,,55,,1,65,120,111,
4/13/2026 19:32:03,13-Apr-2026,robin@sunshineltd.com,Robin,15-Apr-2026,Apr-2026,"QINGDAO NASCENT SPECIAL HAND TRUCK CO., LTD.",2026-4-13,361/3046/2026-27,NARESH BURKINA FASO,USD,,,"3,451.50",0.15,15,Hardware - Building Material,"23,010.00",5/31/2026,31-May-2026,,,Payment Processed,DBS,10-Jun-2026,26-Jun-2026,,,72,1,26,30,111,
4/13/2026 19:34:33,13-Apr-2026,robin@sunshineltd.com,Robin,15-Apr-2026,Apr-2026,"LUANNAN XINFA AGRICULTURAL TOOL CO., LTD.",ERIC20260409,362/3047/2026-27,NARESH BURKINA FASO,USD,,,"5,354.08",0.10,10,Hardware - Building Material,"53,540.76",6/20/2026,20-Jun-2026,,,Payment Processed,DBS,30-Jun-2026,,,35,,1,45,79,111,
4/13/2026 19:36:06,13-Apr-2026,robin@sunshineltd.com,Robin,16-Apr-2026,Apr-2026,TIANJIN GOLDEN BRIDGE WELDING MATERIALS GROUP,TJG26-864,363/3048/2026-27,Fronext,USD,,,"32,400.00",1.00,100,Hardware - Building Material,"32,400.00",5/9/2026,09-May-2026,,,Payment Processed,DBS,19-May-2026,28-Jun-2026,,,73,2,50,533,110,
4/13/2026 19:38:30,13-Apr-2026,robin@sunshineltd.com,Robin,16-Apr-2026,Apr-2026,"WELFULL GROUP CO., LIMITED",W1526Z719HS,283/3026/2026-27,Conakry,USD,,,"22,267.00",0.10,10,Hardware - Building Material,"222,670.00",5/31/2026,31-May-2026,,,Payment Processed,DBS,10-Jun-2026,,,55,,2,65,476,110,
4/14/2026 11:52:22,14-Apr-2026,joey@sunshineltd.com,Joey,21-Apr-2026,Apr-2026,OVERSEAS TRADING FZC,PRAN-FAMC-02-2026,365/3050/2026-27,Brazzavile,USD,,,"7,484.40",0.20,20,Food,"37,422.00",5/30/2026,30-May-2026,,,Payment Processed,DBS,09-Jun-2026,,,56,,7,66,162,105,
4/14/2026 11:53:46,14-Apr-2026,joey@sunshineltd.com,Joey,21-Apr-2026,Apr-2026,OVERSEAS TRADING FZC,PRAN-FAMC-01-2026,366/3051/2026-27,Brazzavile,USD,,,"7,484.40",0.20,20,Food,"37,422.00",4/30/2026,30-Apr-2026,,,Payment Processed,DBS,10-May-2026,,,86,,7,96,236,105,
4/14/2026 12:18:21,14-Apr-2026,shilpali@sunshineltd.com,Shilpali,16-Apr-2026,Apr-2026,RMT Nuts Trading Co Fzco,015/RMT FZCO-SUNSHINE/2026,367/6004/2026-27,Vietnam,USD,,,"542,500.00",1.00,100,Food,"542,500.00",5/15/2026,15-May-2026,,,Payment Processed,DBS,25-May-2026,2-May-2026,,,16,1,-13,"-2,319",110,
4/14/2026 12:31:59,14-Apr-2026,joey@sunshineltd.com,Joey,16-Apr-2026,Apr-2026,"SHANGHAI BUTTERFLY IMP & EXP CO., LTD.",26YCA048,341/3040/2026-27,Cotonou,USD,,,"14,916.00",0.30,30,White Goods,"49,720.00",6/5/2026,05-Jun-2026,,,Payment Processed,DBS,15-Jun-2026,24-May-2026,,,38,1,-12,-59,110,
4/14/2026 12:33:15,14-Apr-2026,joey@sunshineltd.com,Joey,16-Apr-2026,Apr-2026,"SHANGHAI BUTTERFLY IMP & EXP CO., LTD.",26YCA049,342/3041/2026-27,Cotonou,USD,,,"14,916.00",0.30,30,White Goods,"49,720.00",7/3/2026,03-Jul-2026,,,Payment Processed,DBS,13-Jul-2026,25-Jun-2026,,,70,1,-8,-39,110,
4/14/2026 12:34:17,14-Apr-2026,joey@sunshineltd.com,Joey,16-Apr-2026,Apr-2026,"SHANGHAI BUTTERFLY IMP & EXP CO., LTD.",26YCA050,343/3042/2026-27,Cotonou,USD,,,"14,916.00",0.30,30,White Goods,"49,720.00",8/7/2026,07-Aug-2026,,,Payment Processed,DBS,17-Aug-2026,,,,,1,,0,110,
4/14/2026 12:36:10,14-Apr-2026,joey@sunshineltd.com,Joey,16-Apr-2026,Apr-2026,"ZHANGZHOU GREENCAN FOOD CO., LTD.",CGC26123,218/3001/2026-27,NARESH BURKINA FASO,USD,,,"14,625.00",0.25,25,Food,"58,500.00",5/30/2026,30-May-2026,,,Payment Processed,DBS,09-Jun-2026,21-May-2026,,,35,1,-9,-43,110,
4/14/2026 12:37:38,14-Apr-2026,joey@sunshineltd.com,Joey,16-Apr-2026,Apr-2026,"ZHANGZHOU GREENCAN FOOD CO., LTD.",CGC26124,219/3002/2026-27,NARESH BURKINA FASO,USD,,,"14,625.00",0.25,25,Food,"58,500.00",6/30/2026,30-Jun-2026,,,Payment Processed,DBS,10-Jul-2026,,,25,,1,35,168,110,
4/14/2026 12:39:56,14-Apr-2026,joey@sunshineltd.com,Joey,16-Apr-2026,Apr-2026,SHIJIAZHUANG ZHONGYA CANDLE CO LTD.,ZY260413-1,314/3033/2026-27,Mali,USD,,,"4,275.00",0.20,20,Sundry,"21,375.00",7/31/2026,31-Jul-2026,,,Payment Processed,DBS,10-Aug-2026,30-Jul-2026,,,105,1,-1,-1,110,
4/14/2026 12:42:18,14-Apr-2026,joey@sunshineltd.com,Joey,16-Apr-2026,Apr-2026,SHIJIAZHUANG ZHONGYA CANDLE CO LTD.,ZY260413-2,315/3034/2026-27,Mali,USD,,,"4,275.00",0.20,20,Sundry,"21,375.00",6/20/2026,20-Jun-2026,,,Payment Processed,DBS,30-Jun-2026,30-Jun-2026,,,75,1,10,14,110,
4/14/2026 12:44:14,14-Apr-2026,joey@sunshineltd.com,Joey,16-Apr-2026,Apr-2026,SHIJIAZHUANG ZHONGYA CANDLE CO LTD.,ZY260413-3,136/3005/2026-27,Mali,USD,,,"4,275.00",0.20,20,Sundry,"21,375.00",5/8/2026,08-May-2026,,,Payment Processed,DBS,18-May-2026,8-Jun-2026,,,53,1,31,44,110,
4/14/2026 13:09:51,14-Apr-2026,robin@sunshineltd.com,Robin,,Dec-1899,"NINGBO FATE FASTENERS CO., LTD.",PAT20260413,725/1501/2026-27,Fronext,USD,,,"10,200.40",0.70,70,Hardware - Building Material,"14,572.00",4/30/2026,30-Apr-2026,Cancelled,BALANCE PAYMENT,Canceled by Merchandiser,,10-May-2026,,,86,,,96,,"46,238",
4/16/2026 10:40:32,16-Apr-2026,ulrica@sunshineltd.com,Ulrica,17-Apr-2026,Apr-2026,"Zhejiang Baofang Printing And Dyeing Co., Ltd",7294,350/7294/2026-27,NARESH BURKINA FASO,USD,,,"5,000.00",0.08,8,Textile,"64,931.00",4/30/2026,30-Apr-2026,,,Payment Processed,SCB,10-May-2026,,,86,,1,96,158,109,
4/17/2026 10:38:07,17-Apr-2026,anil@sunshineltd.com,Anil,20-Apr-2026,Apr-2026,OFFAL EXP S.A.,2600027910,413/3058/2026-27,Point Noire,USD,,,"18,900.00",0.40,40,Frozen,"47,250.00",5/20/2026,20-May-2026,,,Payment Processed,DBS,30-May-2026,28-Apr-2026,,,8,3,-22,-137,106,
4/17/2026 12:13:35,17-Apr-2026,shilpali@sunshineltd.com,Shilpali,23-Apr-2026,Apr-2026,RMT Nuts Trading Co Fzco,016/RMT FZCO-SUNSHINE/2026,420/6004/2026-27,Vietnam,USD,,,"562,500.00",1.00,100,Food,"562,500.00",5/15/2026,15-May-2026,,,Payment Processed,DBS,25-May-2026,2-May-2026,,,9,5,-13,"-2,404",103,
4/17/2026 18:41:20,17-Apr-2026,connie@sunshineltd.com,Connie,15-Apr-2026,Apr-2026,HITARGET HONG KONG LIMITED,SUN-2026-7/7296 -2nd,293/7296/26-27,NARESH BURKINA FASO,USD,,,"10,000.00",0.09,9,Textile,"114,600.00",7/30/2026,30-Jul-2026,,,Payment Processed,DBS,09-Aug-2026,,,,,-3,5,16,111,
4/17/2026 18:57:15,17-Apr-2026,connie@sunshineltd.com,Connie,15-Apr-2026,Apr-2026,HITARGET HONG KONG LIMITED,7297 - 2nd,294/7297/2026-27,NARESH BURKINA FASO,USD,,,"10,000.00",0.09,9,Textile,"114,600.00",8/30/2026,30-Aug-2026,,,Payment Processed,DBS,09-Sep-2026,,,,,-3,,0,111,
4/17/2026 19:32:04,17-Apr-2026,connie@sunshineltd.com,Connie,15-Apr-2026,Apr-2026,HITARGET HONG KONG LIMITED,7298-2nd,295/7298/2026-27,NARESH BURKINA FASO,USD,,,"10,000.00",0.09,9,Textile,"114,600.00",9/30/2026,30-Sep-2026,,,Payment Processed,DBS,10-Oct-2026,,,,,-3,,0,111,
4/17/2026 19:43:35,17-Apr-2026,connie@sunshineltd.com,Connie,21-Apr-2026,Apr-2026,HITARGET HONG KONG LIMITED,7299-2nd,296/7299/2026-27,NARESH BURKINA FASO,USD,,,"10,000.00",0.09,9,Textile,"114,600.00",10/30/2026,30-Oct-2026,,,Payment Processed,DBS,09-Nov-2026,,,,,3,,0,105,
4/17/2026 19:45:41,17-Apr-2026,connie@sunshineltd.com,Connie,21-Apr-2026,Apr-2026,HITARGET HONG KONG LIMITED,7300-2nd,297/7300/2026-27,NARESH BURKINA FASO,USD,,,"10,000.00",0.09,9,Textile,"114,600.00",11/30/2026,30-Nov-2026,,,Payment Processed,DBS,10-Dec-2026,,,,,3,,0,105,
4/17/2026 19:47:59,17-Apr-2026,connie@sunshineltd.com,Connie,21-Apr-2026,Apr-2026,HITARGET HONG KONG LIMITED,7301-2nd,298/7301/2026-27,NARESH BURKINA FASO,USD,,,"10,000.00",0.09,9,Textile,"114,600.00",12/30/2026,30-Dec-2026,,,Payment Processed,DBS,09-Jan-2027,,,,,3,,0,105,
4/20/2026 12:44:51,20-Apr-2026,yogesh.tulsiani@sunshineltd.com,Yogesh.Tulsiani,22-Apr-2026,Apr-2026,JU YUEN (HONG KONG) INTERNATIONAL LIMITED,JP-SS-WM-2602DG,430/3073-2026-27,Lome,USD,,,"3,078.00",0.10,10,White Goods,"30,780.00",6/6/2026,06-Jun-2026,,,Payment Processed,DBS,16-Jun-2026,21-May-2026,,,29,1,-16,-16,104,
4/20/2026 15:27:27,20-Apr-2026,tricia@sunshineltd.com,Tricia,21-Apr-2026,Apr-2026,"WEIFANG JINQUAN WOOD CO., LTD,",3140,352,Fronext,USD,,,"48,825.00",0.90,90,Hardware - Building Material,"54,225.00",4/21/2026,21-Apr-2026,,,Payment Processed,DBS,01-May-2026,5-Jun-2026,,,45,0,45,722,105,
4/20/2026 15:30:39,20-Apr-2026,tricia@sunshineltd.com,Tricia,21-Apr-2026,Apr-2026,"LUOYANG SHUAIYING TRADE CO., LTD.",260411SS,414,Bangui,USD,,,"8,845.00",0.20,20,Automobile,"44,225.00",5/31/2026,31-May-2026,,,Payment Processed,DBS,10-Jun-2026,24-Jun-2026,,,64,0,24,70,105,
4/20/2026 15:37:27,20-Apr-2026,yogesh.tulsiani@sunshineltd.com,Yogesh.Tulsiani,21-Apr-2026,Apr-2026,"ZHEJIANG XINGXING REFRIGERATION CO., LTD.",SUNXX-260420-2,431/3074/2026/27,Lome,USD,,,"2,230.00",0.20,20,White Goods,"11,150.00",6/6/2026,06-Jun-2026,,,Payment Processed,DBS,16-Jun-2026,23-Jul-2026,,,93,0,47,34,105,
4/20/2026 15:39:06,20-Apr-2026,yogesh.tulsiani@sunshineltd.com,Yogesh.Tulsiani,21-Apr-2026,Apr-2026,"ZHEJIANG XINGXING REFRIGERATION CO., LTD.",SUNXX-260420-1,432/3075/2026/27,Lome,USD,,,"3,718.00",0.20,20,White Goods,"18,590.00",6/6/2026,06-Jun-2026,,,Payment Processed,DBS,16-Jun-2026,23-Jul-2026,,,93,0,47,57,105,
4/21/2026 0:40:41,21-Apr-2026,joey@sunshineltd.com,Joey,24-Apr-2026,Apr-2026,MILLENNIUM & LUBRICANTS MANUFACTURING LLC,PI-590,436/3077/2026-27,Dicam,USD,,,"96,759.00",0.50,50,Automobile,"193,517.20",5/31/2026,31-May-2026,,,Payment Processed,DBS,10-Jun-2026,12-May-2026,,,18,3,-19,-604,102,
4/21/2026 0:42:16,21-Apr-2026,joey@sunshineltd.com,Joey,24-Apr-2026,Apr-2026,MILLENNIUM & LUBRICANTS MANUFACTURING LLC,PI-494,435/2670/2026-27,Dicam,USD,,,"63,972.00",0.30,30,Automobile,"213,342.85",5/15/2026,15-May-2026,,,Payment Processed,DBS,25-May-2026,30-Apr-2026,,,6,3,-15,-315,102,
4/21/2026 10:57:49,21-Apr-2026,asta@sunshineltd.com,Asta,21-Apr-2026,Apr-2026,OFFAL EXP S.A.,2600027929,422/3065/2026-27,Point Noire,USD,,,"40,500.00",0.40,40,Frozen,"101,250.00",4/28/2026,28-Apr-2026,,,Payment Processed,DBS,08-May-2026,3-May-2026,,,12,0,5,67,105,
4/21/2026 11:34:46,21-Apr-2026,ulrica@sunshineltd.com,Ulrica,21-Apr-2026,Apr-2026,HITARGET HONG KONG LIMITED,7233,032/7233/2026-27,Lome,USD,,,"10,000.00",0.09,9,Textile,"112,200.00",4/24/2026,24-Apr-2026,,,Payment Processed,DBS,04-May-2026,,,92,,0,102,335,105,
4/21/2026 11:35:28,21-Apr-2026,ulrica@sunshineltd.com,Ulrica,21-Apr-2026,Apr-2026,HITARGET HONG KONG LIMITED,7234,033/7234/2026-27,Lome,USD,,,"10,000.00",0.09,9,Textile,"112,200.00",4/24/2026,24-Apr-2026,,,Payment Processed,DBS,04-May-2026,,,92,,0,102,335,105,
4/21/2026 12:44:13,21-Apr-2026,asta@sunshineltd.com,Asta,21-Apr-2026,Apr-2026,"SHIJIAZHUANG SUNSHINE IMP&EXP TRADE CO., LTD.",2026SS6013,1641/2820/2025-26,Mozambique,USD,,,"21,998.68",1.00,100,Hardware - Building Material,"21,998.68",3/4/2026,04-Mar-2026,,,Payment Processed,DBS,14-Mar-2026,4-Mar-2026,,,,-1,0,0,105,
4/22/2026 18:23:18,22-Apr-2026,yogesh.tulsiani@sunshineltd.com,Yogesh.Tulsiani,23-Apr-2026,Apr-2026,"WANBAO HENAN ELECTRIC APPLIANCES CO., LTD.",2026-WB-110,484/3093/2026-27,Lome,USD,,,"4,642.60",0.20,20,White Goods,"23,213.00",6/6/2026,06-Jun-2026,,,Payment Processed,DBS,16-Jun-2026,10-Jul-2026,,,78,0,34,52,103,
4/23/2026 15:27:59,23-Apr-2026,joey@sunshineltd.com,Joey,23-Apr-2026,Apr-2026,YOMAXX ENTERPRISE,SO/006/26-27,485/3094/2026-27,Dicam,USD,,,"49,890.00",0.50,50,Automobile,"98,863.32",5/30/2026,30-May-2026,,,Payment Processed,DBS,09-Jun-2026,15-May-2026,,,22,-1,-15,-246,103,
4/23/2026 15:29:27,23-Apr-2026,joey@sunshineltd.com,Joey,23-Apr-2026,Apr-2026,AAB (CHINA) CO LTD,26243(PO2817/2025-26),034/7276+2817/2026-27,Point Noire,USD,,,"15,972.48",1.00,100,Sundry,"15,972.48",4/30/2026,30-Apr-2026,,,Payment Processed,DBS,10-May-2026,11-May-2026,,,18,-1,11,58,103,
4/23/2026 15:32:53,23-Apr-2026,joey@sunshineltd.com,Joey,24-Apr-2026,Apr-2026,AAB (CHINA) CO LTD,26296(PO3088/2026-27),073/7238+7229+3088/2026-27,Brazzavile,USD,,,"13,806.72",1.00,100,Sundry,"13,806.72",5/15/2026,15-May-2026,,,Payment Processed,DBS,25-May-2026,3-Jun-2026,,,40,0,19,86,102,
4/23/2026 15:34:30,23-Apr-2026,joey@sunshineltd.com,Joey,24-Apr-2026,Apr-2026,AAB (CHINA) CO LTD,26294 (PO3080/2026-27),463/3080/2026-27,Point Noire,USD,,,"16,128.97",0.20,20,Sundry,"80,644.84",6/15/2026,15-Jun-2026,,,Payment Processed,DBS,25-Jun-2026,3-Jun-2026,,,40,0,-12,-64,102,
4/23/2026 15:36:37,23-Apr-2026,joey@sunshineltd.com,Joey,24-Apr-2026,Apr-2026,AAB (CHINA) CO LTD,26295 (PO3081/2026-27),464/3081/2026-27,Point Noire,USD,,,"11,911.68",0.20,20,Sundry,"59,558.40",6/15/2026,15-Jun-2026,,,Payment Processed,DBS,25-Jun-2026,10-Jun-2026,,,47,0,-5,-20,102,
4/23/2026 22:58:01,23-Apr-2026,joey@sunshineltd.com,Joey,24-Apr-2026,Apr-2026,F&B NUTRITION SDN BHD,229/3038/2026-27,229/3038/2026-27,Point Noire,USD,,,"14,940.00",0.20,20,Food,"74,700.00",5/20/2026,20-May-2026,,,Payment Processed,DBS,30-May-2026,25-Jul-2026,,,92,0,66,324,102,
4/23/2026 22:59:04,23-Apr-2026,joey@sunshineltd.com,Joey,24-Apr-2026,Apr-2026,F&B NUTRITION SDN BHD,3910013248,331/3039/2026-27,Point Noire,USD,,,"14,940.00",0.20,20,Food,"74,700.00",5/25/2026,25-May-2026,,this file deposit move to Inv. 229/3038+3039/2026-27,Payment Processed,DBS,04-Jun-2026,25-Jul-2026,,,92,0,61,300,102,
4/24/2026 11:05:04,24-Apr-2026,shilpali@sunshineltd.com,Shilpali,28-Apr-2026,Apr-2026,TVS Srichakra Ltd,9191501157,488/5023/2026-27,Abidjan,USD,,,"50,909.00",1.00,100,Automobile,"50,909.00",4/7/2026,07-Apr-2026,,,Payment Processed,DBS,17-Apr-2026,4-Jun-2026,,,37,4,58,971,98,
4/24/2026 11:18:36,24-Apr-2026,tricia@sunshineltd.com,Tricia,28-Apr-2026,Apr-2026,TIANJIN GOLDEN BRIDGE WELDING MATERIALS GROUP,TPI26-390,491,Fronext,USD,,,"64,800.00",1.00,100,Hardware - Raw Material,"64,800.00",4/30/2026,30-Apr-2026,,File moved to #363,Payment Processed,DBS,10-May-2026,,,86,,4,96,"2,045",98,
4/24/2026 11:46:24,24-Apr-2026,tricia@sunshineltd.com,Tricia,28-Apr-2026,Apr-2026,"CHANGZHOU YARMAX POWER CO.,LTD.",YM2511C214,323,Dicam,USD,,,"99,822.80",0.90,90,Machinary,"110,817.00",4/26/2026,26-Apr-2026,,,Payment Processed,DBS,06-May-2026,2-May-2026,,,4,4,6,197,98,
4/24/2026 11:48:27,24-Apr-2026,tricia@sunshineltd.com,Tricia,28-Apr-2026,Apr-2026,"CHANGZHOU YARMAX POWER CO.,LTD.",YM2511C213,322,Dicam,USD,,,"95,645.00",0.90,90,Machinary,"106,175.00",4/26/2026,26-Apr-2026,,,Payment Processed,DBS,06-May-2026,,,90,,4,100,"3,144",98,
4/27/2026 11:03:25,27-Apr-2026,robin@sunshineltd.com,Robin,27-Apr-2026,Apr-2026,"NINGBO FATE FASTENERS CO., LTD.",PAT20260413,725/1501/2026-27,Fronext,USD,,,"10,211.20",0.70,70,Hardware - Building Material,"14,572.00",5/9/2026,09-May-2026,,BALANCE PAYMENT,Payment Processed,DBS,19-May-2026,18-May-2026,,,21,0,9,30,99,
4/27/2026 14:23:42,27-Apr-2026,robin@sunshineltd.com,Robin,28-Apr-2026,Apr-2026,"TAIZHOU HAODE MACHINERY AND ELECTRONICS CO., LTD.",2026LMN0420,475/3090/2026-27,Fronext,USD,,,"93,703.68",0.20,20,Hardware - Engine & Generator,"468,518.40",5/31/2026,31-May-2026,,,Payment Processed,DBS,10-Jun-2026,20-May-2026,,,22,0,-11,-339,98,
4/27/2026 14:25:33,27-Apr-2026,robin@sunshineltd.com,Robin,28-Apr-2026,Apr-2026,"QINGDAO AIERSANG INTERNATIONAL TRADE CO., LTD.",26YK1243,474/3089/2026-27,Fronext,USD,,,"1,950.00",0.10,10,Hardware - Building Material,"19,500.00",5/23/2026,23-May-2026,,,Payment Processed,DBS,02-Jun-2026,1-Jul-2026,,,64,0,39,25,98,
4/27/2026 15:22:56,27-Apr-2026,robin@sunshineltd.com,Robin,28-Apr-2026,Apr-2026,"TIAN YOU XIN CHENG(HONG KONG) HOLDING CO., LIMITED",TY26040229,497/3100/2026-27,NARESH BURKINA FASO,USD,,,"13,361.60",0.10,10,Hardware - Building Material,"133,616.00",5/31/2026,31-May-2026,,,Payment Processed,DBS,10-Jun-2026,17-Jun-2026,"SPLIT TO 847/3100/2026-27 - USD6,680.80",,50,0,17,75,98,
4/27/2026 15:40:16,27-Apr-2026,robin@sunshineltd.com,Robin,28-Apr-2026,Apr-2026,"TIAN YOU XIN CHENG(HONG KONG) HOLDING CO., LIMITED",TY26040230,498/3101/2026-27,NARESH BURKINA FASO,USD,,,"7,702.80",0.10,10,Hardware - Building Material,"77,028.00",6/30/2026,30-Jun-2026,,498 file is split into 4 files now : #498 + #848 + #1256 + #1255,Payment Processed,DBS,10-Jul-2026,9-Jul-2026,"SPLIT TO 848/3101/2026-27 - USD3,851.40",,72,0,9,23,98,
4/27/2026 16:09:05,27-Apr-2026,joey@sunshineltd.com,Joey,28-Apr-2026,Apr-2026,"MITTO RUBBER TECHNOLOGY CO., LTD",MT260423-SUN007,235/2638+2403B+2648/2026-27,Cotonou,USD,,,"3,640.00",1.00,100,Automobile,"3,640.00",4/30/2026,30-Apr-2026,,CORRECT Inv. 335/2638+2403B+2648/2026-07,Payment Processed,DBS,10-May-2026,18-May-2026,,,20,0,18,22,98,
4/27/2026 18:02:24,27-Apr-2026,robin@sunshineltd.com,Robin,28-Apr-2026,Apr-2026,"TIAN YOU XIN CHENG(HONG KONG) HOLDING CO., LIMITED",TY26040231,500/3103/2026-27,Fabfer,USD,,,"23,560.00",0.10,10,Hardware - Raw Material,"235,600.00",5/9/2026,09-May-2026,,,Payment Processed,DBS,19-May-2026,27-Jun-2026,,,60,0,49,380,98,
4/27/2026 18:47:08,27-Apr-2026,joey@sunshineltd.com,Joey,28-Apr-2026,Apr-2026,ALTILA TIRE LIMITED,KC260323VT,502/3105/2026-27,Dicam,USD,,,"25,235.00",0.20,20,Automobile,"126,166.50",5/15/2026,15-May-2026,,,Payment Processed,DBS,25-May-2026,8-Jun-2026,,,41,0,24,199,98,
4/27/2026 19:10:08,27-Apr-2026,joey@sunshineltd.com,Joey,28-Apr-2026,Apr-2026,HONG KONG SHUANG QI FOOD LIMITED,PO3009,226/3009/2026-27,Mali,USD,,,"11,715.00",0.30,30,Food,"39,050.00",6/15/2026,15-Jun-2026,,,Payment Processed,CITI,25-Jun-2026,8-Jul-2026,,,71,0,23,89,98,
4/27/2026 19:12:41,27-Apr-2026,joey@sunshineltd.com,Joey,28-Apr-2026,Apr-2026,HONG KONG SHUANG QI FOOD LIMITED,PO3032,313/3032/2026-27,Mali,USD,,,"11,625.00",0.30,30,Food,"38,750.00",7/15/2026,15-Jul-2026,,,Payment Processed,CITI,25-Jul-2026,,,10,,0,20,76,98,
4/27/2026 19:14:50,27-Apr-2026,joey@sunshineltd.com,Joey,28-Apr-2026,Apr-2026,"TIANJIN SHINHOO FOOD CO.,LTD.",SHFD260204,465/3082/2026-27,Lubumbashi,USD,,,"3,098.70",0.10,10,Food,"30,987.00",5/15/2026,15-May-2026,,,Payment Processed,CITI,25-May-2026,14-Jun-2026,,,47,0,30,31,98,
4/27/2026 19:16:56,27-Apr-2026,joey@sunshineltd.com,Joey,28-Apr-2026,Apr-2026,"TIANJIN SHINHOO FOOD CO.,LTD.",SHFD260205,467/3084/2026-27,Cotonou,USD,,,"6,139.55",0.10,10,Food,"61,395.50",5/15/2026,15-May-2026,,,Payment Processed,CITI,25-May-2026,11-Jun-2026,,,44,0,27,54,98,
4/27/2026 19:24:27,27-Apr-2026,joey@sunshineltd.com,Joey,28-Apr-2026,Apr-2026,"TIANJIN SHINHOO FOOD CO.,LTD.",SHFD260206,468/3085/2026-27,Cotonou,USD,,,"5,078.70",0.10,10,Food,"50,787.00",5/15/2026,15-May-2026,,,Payment Processed,CITI,25-May-2026,11-Jun-2026,,,44,0,27,45,98,
4/27/2026 19:26:08,27-Apr-2026,joey@sunshineltd.com,Joey,28-Apr-2026,Apr-2026,"TIANJIN SHINHOO FOOD CO.,LTD.",SHFD260207,469/3086/2026-27,NARESH BURKINA FASO,USD,,,"4,465.80",0.10,10,Food,"44,658.00",5/15/2026,15-May-2026,,,Payment Processed,CITI,25-May-2026,8-Jun-2026,,,41,0,24,35,98,
4/27/2026 19:46:35,27-Apr-2026,joey@sunshineltd.com,Joey,28-Apr-2026,Apr-2026,GUANGZHOU HAOJIN MOTORCYCLE COMPANY LTD.,HJ-PN-171(PO3087),486/3087/2026-27,Point Noire,USD,,,"10,000.00",0.19,19,Automobile,"52,696.18",6/8/2026,08-Jun-2026,,,Payment Processed,CITI,18-Jun-2026,12-Jun-2026,,,45,0,4,13,98,
4/27/2026 19:47:44,27-Apr-2026,joey@sunshineltd.com,Joey,28-Apr-2026,Apr-2026,GUANGZHOU HAOJIN MOTORCYCLE COMPANY LTD.,HJ-PN-170(PO2816),028/2816/2026-27,Point Noire,USD,,,"10,000.00",0.12,12,Automobile,"82,950.00",6/8/2026,08-Jun-2026,,,Payment Processed,SCB,18-Jun-2026,12-Jun-2026,,,45,0,4,13,98,
4/27/2026 19:50:25,27-Apr-2026,joey@sunshineltd.com,Joey,28-Apr-2026,Apr-2026,"ZHANGZHOU GREENCAN FOOD CO., LTD.",CGC26123 REV,218/3001/2026-27,NARESH BURKINA FASO,USD,,,"14,625.00",0.13,13,Food,"117,000.00",5/30/2026,30-May-2026,,THIS DEPOSIT FOR 2ND FCL,Payment Processed,CITI,09-Jun-2026,21-May-2026,,,23,0,-9,-43,98,
4/27/2026 19:52:45,27-Apr-2026,joey@sunshineltd.com,Joey,28-Apr-2026,Apr-2026,"ZHANGZHOU GREENCAN FOOD CO., LTD.",CGC26124,219/3002/2026-27,NARESH BURKINA FASO,USD,,,"14,625.00",0.13,13,Food,"117,000.00",5/30/2026,30-May-2026,,THIS DEPOSIT FOR 2ND FCL,Payment Processed,CITI,09-Jun-2026,24-Jun-2026,,,57,0,25,120,98,
4/28/2026 10:53:36,28-Apr-2026,yogesh.tulsiani@sunshineltd.com,Yogesh.Tulsiani,28-Apr-2026,Apr-2026,NINGBO BAIDI ELECTRIC APPLIANCE CO LTD,2026NBBDY-0425,504/3107/2026/27,Lome,USD,,,"2,682.70",0.20,20,White Goods,"13,413.54",6/15/2026,15-Jun-2026,,,Payment Processed,DBS,25-Jun-2026,18-Jun-2026,,,51,0,3,3,98,
4/28/2026 10:55:14,28-Apr-2026,yogesh.tulsiani@sunshineltd.com,Yogesh.Tulsiani,28-Apr-2026,Apr-2026,"NINGBO HANDIAN TRADING CO., LTD.",MB4289,505/3108/2026/27,Lome,USD,,,"4,686.00",0.30,30,White Goods,"15,620.00",6/16/2026,16-Jun-2026,,,Payment Processed,CITI,26-Jun-2026,24-Jul-2026,,,87,0,38,59,98,
4/29/2026 2:13:31,29-Apr-2026,joey@sunshineltd.com,Joey,30-Apr-2026,Apr-2026,HANGZHOU DAILE ENAMELWARE CO LTD.,26DLP-SUN01,223/3006/2026-27,Mali,USD,,,"2,875.90",0.15,15,Sundry,"19,172.75",5/30/2026,30-May-2026,,,Payment Processed,DBS,09-Jun-2026,,,56,,1,66,62,96,
4/29/2026 2:15:29,29-Apr-2026,joey@sunshineltd.com,Joey,30-Apr-2026,Apr-2026,HANGZHOU DAILE ENAMELWARE CO LTD.,26DLP-SUN02,224/3007/2026-27,Mali,USD,,,"4,532.50",0.15,15,Sundry,"30,216.90",6/30/2026,30-Jun-2026,,,Payment Processed,DBS,10-Jul-2026,,,25,,1,35,52,96,
4/29/2026 2:17:16,29-Apr-2026,joey@sunshineltd.com,Joey,30-Apr-2026,Apr-2026,HANGZHOU DAILE ENAMELWARE CO LTD.,26DLP-SUN03,225/3008/2026-27,Mali,USD,,,"4,532.50",0.15,15,Sundry,"30,216.90",7/15/2026,15-Jul-2026,,,Payment Processed,DBS,25-Jul-2026,,,10,,1,20,30,96,
4/29/2026 10:48:00,29-Apr-2026,robin@sunshineltd.com,Robin,29-Apr-2026,Apr-2026,YIWU ZHONGYONG TRADING COMPNAY,ZY0011,336/3112/2026-27,Fronext,RMB,,,"352,275.00",0.30,30,Hardware - Building Material,"1,174,250.00",5/31/2026,31-May-2026,,"AFTER DEPOSIT, ARRANGE BALANCE ALSO",Payment Processed,CITI,10-Jun-2026,,,55,,0,65,"7,528",97,
4/29/2026 14:57:23,29-Apr-2026,robin@sunshineltd.com,Robin,30-Apr-2026,Apr-2026,"DINGZHOU CITY RUILI NAILS PRODUCTS CO., LTD.",JTMWR20260122A,333/2484/2026-27,Cotonou,USD,,,"29,465.76",0.90,90,Hardware - Building Material,"32,704.18",5/8/2026,08-May-2026,,BALANCE PAYMENT,Payment Processed,DBS,18-May-2026,9-May-2026,,,9,0,1,10,96,
4/29/2026 15:06:35,29-Apr-2026,robin@sunshineltd.com,Robin,30-Apr-2026,Apr-2026,"GUANGZHOU ATLANTIC IMPORT AND EXPORT CO., LTD,",TA250156A,335/2638/2026-27,Cotonou,USD,,,"6,850.00",0.80,80,Hardware - Building Material,"8,562.50",5/8/2026,08-May-2026,,BALANCE PAYMENT,Payment Processed,CITI,18-May-2026,18-May-2026,,,18,0,10,23,96,
4/29/2026 15:07:59,29-Apr-2026,robin@sunshineltd.com,Robin,30-Apr-2026,Apr-2026,"GUANGZHOU ATLANTIC IMPORT AND EXPORT CO., LTD,",TA250156B,473/2638/2026-27,Cotonou,USD,,,"6,850.00",0.80,80,Hardware - Building Material,"8,562.50",5/8/2026,08-May-2026,,BALANCE PAYMENT,Payment Processed,CITI,18-May-2026,,,78,,0,88,198,96,
4/29/2026 19:17:55,29-Apr-2026,robin@sunshineltd.com,Robin,30-Apr-2026,Apr-2026,"TIAN YOU XIN CHENG(HONG KONG) HOLDING CO., LIMITED",TY26050245,516/3114/2026-27,Lome,USD,,,"3,992.80",0.10,10,Hardware - Building Material,"39,928.00",5/31/2026,31-May-2026,,,Payment Processed,DBS,10-Jun-2026,16-Jun-2026,,,47,0,16,21,96,
4/29/2026 19:19:06,29-Apr-2026,robin@sunshineltd.com,Robin,30-Apr-2026,Apr-2026,"TIAN YOU XIN CHENG(HONG KONG) HOLDING CO., LIMITED",TY26050246,517/3115/2026-27,Lome,USD,,,"3,992.80",0.10,10,Hardware - Building Material,"39,928.00",6/20/2026,20-Jun-2026,,,Payment Processed,DBS,30-Jun-2026,16-Jun-2026,,,47,0,-4,-5,96,
4/29/2026 19:21:20,29-Apr-2026,robin@sunshineltd.com,Robin,30-Apr-2026,Apr-2026,"TIAN YOU XIN CHENG(HONG KONG) HOLDING CO., LIMITED",TY26050247,518/3116/2026-27,Lome,USD,,,"7,014.00",0.10,10,Hardware - Building Material,"70,140.00",6/19/2026,19-Jun-2026,,,Payment Processed,DBS,29-Jun-2026,16-Jun-2026,,,47,0,-3,-7,96,
4/30/2026 11:18:40,30-Apr-2026,robin@sunshineltd.com,Robin,04-May-2026,May-2026,"DINGZHOU CITY RUILI NAILS PRODUCTS CO., LTD.",JTMWR20260429D,519/3117/2026-27,Lome,USD,,,"1,814.55",0.10,10,Hardware - Building Material,"18,145.49",5/31/2026,31-May-2026,,MIXLOAD - FILE DEPOSIT AMOUNT MOVE TO #1020,Payment Processed,CITI,10-Jun-2026,,,55,,4,65,39,92,
4/30/2026 11:22:35,30-Apr-2026,robin@sunshineltd.com,Robin,04-May-2026,May-2026,"DINGZHOU CITY RUILI NAILS PRODUCTS CO., LTD.",JTMWR20260429E,520/3118/2026-27,Lome,USD,,,"1,814.55",0.10,10,Hardware - Building Material,"18,145.49",5/31/2026,31-May-2026,,,Payment Processed,CITI,10-Jun-2026,30-Jun-2026,,,57,4,30,18,92,
4/30/2026 11:23:01,30-Apr-2026,ulrica@sunshineltd.com,Ulrica,04-May-2026,May-2026,HITARGET HONG KONG LIMITED,7296,293/7296/2026-27,NARESH BURKINA FASO,USD,,,"20,000.00",0.17,17,Textile,"114,600.00",5/15/2026,15-May-2026,,,Payment Processed,CITI,25-May-2026,,,71,,4,81,533,92,
4/30/2026 11:30:14,30-Apr-2026,robin@sunshineltd.com,Robin,04-May-2026,May-2026,"DINGZHOU CITY RUILI NAILS PRODUCTS CO., LTD.",JTMWR20260429F,521/3119/2026-27,Lome,USD,,,"3,158.10",0.10,10,Hardware - Building Material,"31,581.00",5/31/2026,31-May-2026,,,Payment Processed,CITI,10-Jun-2026,30-Jun-2026,,,57,4,30,31,92,
4/30/2026 12:59:54,30-Apr-2026,robin@sunshineltd.com,Robin,04-May-2026,May-2026,"SHIJIAZHUANG SUNSHINE IMP&EXP TRADE CO., LTD.",2026SS6029,515/3113/2026-27,Mozambique,USD,,,"21,140.00",1.00,100,Hardware - Building Material,"21,140.00",5/31/2026,31-May-2026,,,Payment Processed,CITI,10-Jun-2026,7-Apr-2026,,,,3,-54,-375,92,
4/30/2026 18:24:27,30-Apr-2026,robin@sunshineltd.com,Robin,04-May-2026,May-2026,"TAIZHOU HAODE MACHINERY AND ELECTRONICS CO., LTD.",2026LMN0430-1,527/3124/2026-27,NARESH BURKINA FASO,USD,,,"19,045.40",0.20,20,Hardware - Engine & Generator,"95,227.00",5/31/2026,31-May-2026,,,Payment Processed,CITI,10-Jun-2026,30-Jul-2026,,,87,3,60,376,92,
4/30/2026 18:27:33,30-Apr-2026,robin@sunshineltd.com,Robin,04-May-2026,May-2026,"TAIZHOU HAODE MACHINERY AND ELECTRONICS CO., LTD.",2026LMN0430-2,528/3125/2026-27,NARESH BURKINA FASO,USD,,,"19,045.40",0.20,20,Hardware - Engine & Generator,"95,227.00",6/30/2026,30-Jun-2026,,,Payment Processed,CITI,10-Jul-2026,,,25,,3,35,219,92,
4/30/2026 18:38:03,30-Apr-2026,robin@sunshineltd.com,Robin,04-May-2026,May-2026,SHIJIAZHUANG SHIQIAO ELECTRIC WELDING MATERIAL CO. LTD.,W230828-21,529/3126/2026-27,Cotonou,USD,,,"16,875.00",1.00,100,Hardware - Building Material,"16,875.00",5/31/2026,31-May-2026,,,Payment Processed,CITI,10-Jun-2026,,,55,,3,65,361,92,
4/30/2026 18:40:34,30-Apr-2026,robin@sunshineltd.com,Robin,04-May-2026,May-2026,SHIJIAZHUANG SHIQIAO ELECTRIC WELDING MATERIAL CO. LTD.,W230828-22,530/3127/2026-27,Cotonou,USD,,,"16,875.00",1.00,100,Hardware - Building Material,"16,875.00",6/30/2026,30-Jun-2026,,,Payment Processed,CITI,10-Jul-2026,,,25,,3,35,194,92,
5/4/2026 17:55:17,04-May-2026,asta@sunshineltd.com,Asta,05-May-2026,May-2026,J. MARR (SEAFOODS) LIMITED,11219,542/3133/2026-27,Point Noire,USD,,,"3,783.68",0.10,10,Frozen,"37,836.80",5/15/2026,15-May-2026,,,Payment Processed,DBS,25-May-2026,,,71,,0,81,101,91,
5/4/2026 19:10:16,04-May-2026,joey@sunshineltd.com,Joey,06-May-2026,May-2026,KENZOL MULTI INDUSTRIES FZC,EST-001456,550/2821/2026-27,Dicam,USD,,,"37,977.00",0.12,12,Automobile,"306,980.00",5/31/2026,31-May-2026,,,Payment Processed,SCB,10-Jun-2026,29-May-2026,,,23,1,-2,-25,90,
5/5/2026 11:13:50,05-May-2026,robin@sunshineltd.com,Robin,06-May-2026,May-2026,TANGSHAN SANFA HARDWARE FACTORY,TSSF26028,547/3138/2026-27,Fronext,USD,,,"5,815.80",0.10,10,Hardware - Building Material,"58,158.00",6/30/2026,30-Jun-2026,,,Payment Processed,SCB,10-Jul-2026,28-Jul-2026,,,83,1,28,54,90,
5/5/2026 20:16:38,05-May-2026,joey@sunshineltd.com,Joey,06-May-2026,May-2026,"MITTO RUBBER TECHNOLOGY CO., LTD",MT-260428-PO2718,118/2718+2084/2026-27,Lome,USD,,,"32,300.00",0.71,71,Automobile,"45,500.00",5/15/2026,15-May-2026,,,Payment Processed,SCB,25-May-2026,,,71,,0,81,860,90,
5/6/2026 10:53:08,06-May-2026,ulrica@sunshineltd.com,Ulrica,14-May-2026,May-2026,"HUAFANG CO., LTD.",7313,567/7313/2026-27,Cotonou,USD,,,"30,000.00",0.28,28,Textile,"107,352.00",5/28/2026,28-May-2026,,,Payment Processed,CITI,07-Jun-2026,,,58,,8,68,671,82,
5/6/2026 10:53:53,06-May-2026,ulrica@sunshineltd.com,Ulrica,14-May-2026,May-2026,"HUAFANG CO., LTD.",7312,566/7312/2026-27,Cotonou,USD,,,"30,000.00",0.28,28,Textile,"107,352.00",5/28/2026,28-May-2026,,,Payment Processed,CITI,07-Jun-2026,20-Jul-2026,,,67,8,53,523,82,
5/6/2026 11:24:02,06-May-2026,joey@sunshineltd.com,Joey,06-May-2026,May-2026,URBAN LABS INTERNATIONAL LLC S.A.,3252526,571/3157/2026-27,SKTN,USD,,,"17,348.80",0.50,50,COMESTIC ITEMS,"34,697.60",5/30/2026,30-May-2026,,,Payment Processed,DBS,09-Jun-2026,26-May-2026,,,20,0,-4,-23,90,
5/6/2026 14:36:06,06-May-2026,yogesh.tulsiani@sunshineltd.com,Yogesh.Tulsiani,06-May-2026,May-2026,"ZHEJIANG SHARBO ELECTRIC APPLIANCE CO., LTD.",XB26-R1050,569-3155-2026-27,Lome,USD,,,"9,324.00",0.20,20,White Goods,"46,620.00",6/25/2026,25-Jun-2026,,,Payment Processed,DBS,05-Jul-2026,4-Jul-2026,,,59,-1,9,28,90,
5/6/2026 17:46:26,06-May-2026,robin@sunshineltd.com,Robin,08-May-2026,May-2026,ACHEM TECHNOLOGY (DONGGUAN) ADHESIVE PRODUCTS LTD.,ATCH2686,579/3165/2026-27,Dicam,USD,,,"7,969.50",0.30,30,Hardware - Building Material,"26,565.00",6/30/2026,30-Jun-2026,,,Payment Processed,CITI,10-Jul-2026,,,25,,1,35,92,88,
5/6/2026 18:27:25,06-May-2026,robin@sunshineltd.com,Robin,08-May-2026,May-2026,"SHANGDONG TANGUO INTERNATIONAL TRADE CO., LTD",TMLL20260506,581/3167/2026-27,Dicam,USD,,,"12,896.00",0.20,20,Hardware - Building Material,"64,480.00",6/30/2026,30-Jun-2026,,,Payment Processed,CITI,10-Jul-2026,,,25,,1,35,148,88,
5/6/2026 18:38:52,06-May-2026,joey@sunshineltd.com,Joey,08-May-2026,May-2026,"FAW TRUCKS INTERNATIONAL CO., LTD.",26FAWT0662,533/3095/2026-27,Lubumbashi,USD,,,"2,744.20",0.20,20,Automobile,"13,721.00",6/5/2026,05-Jun-2026,,,Payment Processed,CITI,15-Jun-2026,,,50,,1,60,54,88,
5/6/2026 18:40:55,06-May-2026,joey@sunshineltd.com,Joey,08-May-2026,May-2026,"FAW TRUCKS INTERNATIONAL CO., LTD.",26FAWT0663,221/3128/2026-27,Conakry,USD,,,"21,749.20",0.20,20,Automobile,"108,746.00",6/5/2026,05-Jun-2026,,,Payment Processed,CITI,15-Jun-2026,,,50,,1,60,429,88,
5/6/2026 22:48:43,06-May-2026,joey@sunshineltd.com,Joey,08-May-2026,May-2026,"FOTON MOTOR INTERNATIONAL CO., LTD",FTCV2698683CG,131/2773/2026-27,Point Noire,USD,,,"18,689.73",0.23,23,Automobile,"82,673.73",6/21/2026,21-Jun-2026,,THIS DEPOSIT MOVE TO INV. 061/2716+2773/2026-27,Payment Processed,CITI,01-Jul-2026,,CHANGE TO 061/2716/2026-27,34,,1,44,270,88,
5/7/2026 0:07:52,07-May-2026,joey@sunshineltd.com,Joey,08-May-2026,May-2026,"FAW TRUCKS INTERNATIONAL CO., LTD.",26FAWT0673,565/3153/2026-27,Conakry,USD,,,"82,534.00",0.20,20,Automobile,"412,670.00",6/17/2026,17-Jun-2026,,,Payment Processed,CITI,27-Jun-2026,,,38,,1,48,"1,302",88,
5/7/2026 12:39:23,07-May-2026,joey@sunshineltd.com,Joey,08-May-2026,May-2026,COVI S.A.S.,20260506A,570/3156/2026-27,Brazzavile,EUR,,,"18,378.36",0.30,30,Food,"61,261.20",6/10/2026,10-Jun-2026,,,Payment Processed,CITI,20-Jun-2026,13-Jul-2026,,,66,0,33,199,88,
5/7/2026 16:20:52,07-May-2026,joey@sunshineltd.com,Joey,11-May-2026,May-2026,YOMAXX ENTERPRISE,SO/013/26-27,618/3170/2026-27,Dicam,USD,,,"75,243.00",0.30,30,Automobile,"250,810.56",5/30/2026,30-May-2026,,,Payment Processed,DBS,09-Jun-2026,29-Jul-2026,,,79,3,60,"1,484",85,
5/8/2026 11:03:20,08-May-2026,yogesh.tulsiani@sunshineltd.com,Yogesh.Tulsiani,11-May-2026,May-2026,SELLWELL BUSINESS SERVICE ZHONGSHAN CO LTD,SAPI11062025,621/3171/2026-27,Lome,USD,,,"3,548.65",0.10,10,White Goods,"35,486.50",6/30/2026,30-Jun-2026,,,Payment Processed,DBS,10-Jul-2026,10-Jul-2026,,,60,3,10,12,85,
5/8/2026 11:04:46,08-May-2026,yogesh.tulsiani@sunshineltd.com,Yogesh.Tulsiani,11-May-2026,May-2026,"ZHONGSHAN RUIKANG ELECTRIC APPLIANCE CO., LTD.",RK2605071331,621/3172/2026/27,Lome,USD,,,"3,260.00",0.20,20,White Goods,"16,300.00",6/30/2026,30-Jun-2026,,,Payment Processed,DBS,10-Jul-2026,10-Jul-2026,,,60,3,10,11,85,
5/8/2026 12:19:40,08-May-2026,tricia@sunshineltd.com,Tricia,11-May-2026,May-2026,OIL LUBE SYSTEMS PVT. LTD.,EXP/OLSPL/26/000,321,Bangui,USD,,,"34,390.00",0.36,36,Automobile,"94,390.00",5/11/2026,11-May-2026,,,Payment Processed,DBS,21-May-2026,1-Jun-2026,,,21,2,21,237,85,
5/11/2026 11:02:03,11-May-2026,ulrica@sunshineltd.com,Ulrica,14-May-2026,May-2026,Sichuan Cotton and Ramie Group Corporation,7314,623/7314/2026-27,Lome,USD,,,"10,000.00",0.06,6,Textile,"180,930.00",5/29/2026,29-May-2026,,,Payment Processed,SCB,08-Jun-2026,5-Jul-2026,,,52,3,37,122,82,
5/11/2026 11:02:57,11-May-2026,ulrica@sunshineltd.com,Ulrica,14-May-2026,May-2026,Sichuan Cotton and Ramie Group Corporation,7311,624/7311/2026-27,Cotonou,USD,,,"10,000.00",0.06,6,Textile,"180,930.00",5/29/2026,29-May-2026,,,Payment Processed,SCB,08-Jun-2026,16-Jul-2026,,,63,3,48,158,82,
5/11/2026 11:40:37,11-May-2026,joey@sunshineltd.com,Joey,13-May-2026,May-2026,"TIANJIN SHINHOO FOOD CO.,LTD.",SHFD260216,531/3129/2026-27,Lome,USD,,,"5,602.00",0.10,10,Food,"56,018.45",5/30/2026,30-May-2026,,,Payment Processed,CITI,09-Jun-2026,11-Jul-2026,,,59,2,42,77,83,
5/11/2026 11:41:50,11-May-2026,joey@sunshineltd.com,Joey,13-May-2026,May-2026,"TIANJIN SHINHOO FOOD CO.,LTD.",SHFD260217,532/3130/2026-27,Lome,USD,,,"5,602.00",0.10,10,Food,"56,018.45",6/30/2026,30-Jun-2026,,,Payment Processed,CITI,10-Jul-2026,,,25,,2,35,64,83,
5/11/2026 11:43:52,11-May-2026,joey@sunshineltd.com,Joey,13-May-2026,May-2026,"ANGEL YEAST (HONGKONG) CO.,LTD",AE26COGSH05,524/3121/2026-27,Cotonou,USD,,,"17,784.00",0.20,20,Food,"88,920.00",5/30/2026,30-May-2026,,,Payment Processed,DBS,09-Jun-2026,29-May-2026,,,16,2,-1,-6,83,
5/11/2026 11:45:20,11-May-2026,joey@sunshineltd.com,Joey,13-May-2026,May-2026,"ANGEL YEAST (HONGKONG) CO.,LTD",AE26COGSH06,525/3122/2026-27,Cotonou,USD,,,"17,784.00",0.20,20,Food,"88,920.00",6/30/2026,30-Jun-2026,,,Payment Processed,DBS,10-Jul-2026,25-Jun-2026,,,43,2,-5,-29,83,
5/11/2026 11:46:53,11-May-2026,joey@sunshineltd.com,Joey,13-May-2026,May-2026,"ANGEL YEAST (HONGKONG) CO.,LTD",AE26COGSH07,526/3123/2026-27,Cotonou,USD,,,"26,676.00",0.20,20,Food,"133,380.00",7/31/2026,31-Jul-2026,,,Payment Processed,DBS,10-Aug-2026,26-Jul-2026,,,74,2,-5,-44,83,
5/11/2026 11:48:35,11-May-2026,joey@sunshineltd.com,Joey,12-May-2026,May-2026,AAB (CHINA) CO LTD,26296(PO3088/2026-27) REV,073/7238+7229+3088/2026-27,Brazzavile,USD,,,"5,590.37",0.29,29,Sundry,"19,397.09",6/6/2026,06-Jun-2026,,,Payment Processed,DBS,16-Jun-2026,3-Jun-2026,,,22,1,-3,-6,84,
5/11/2026 11:57:26,11-May-2026,joey@sunshineltd.com,Joey,12-May-2026,May-2026,"ZHANGZHOU GREENCAN FOOD CO., LTD.",CGC26163,583/3169/2026-27,Point Noire,USD,,,"7,480.00",0.25,25,Food,"29,920.00",6/6/2026,06-Jun-2026,,,Payment Processed,DBS,16-Jun-2026,,,49,,1,59,145,84,
5/11/2026 12:00:38,11-May-2026,joey@sunshineltd.com,Joey,12-May-2026,May-2026,"ZHANGZHOU GREENCAN FOOD CO., LTD.",CGC26167,556/3144/2026-27,Lome,USD,,,"7,480.00",0.13,13,Food,"59,475.00",6/30/2026,30-Jun-2026,,,Payment Processed,DBS,10-Jul-2026,24-Jun-2026,,,43,0,-6,-15,84,
5/11/2026 12:03:24,11-May-2026,joey@sunshineltd.com,Joey,12-May-2026,May-2026,"ZHANGZHOU GREENCAN FOOD CO., LTD.",CGC26168,557/3145/2026-27,Lome,USD,,,"7,480.00",0.13,13,Food,"59,475.00",7/31/2026,31-Jul-2026,,,Payment Processed,DBS,10-Aug-2026,29-Jul-2026,,,78,0,-2,-5,84,
5/11/2026 12:05:01,11-May-2026,joey@sunshineltd.com,Joey,12-May-2026,May-2026,"ZHANGZHOU GREENCAN FOOD CO., LTD.",CGC26166,564/3152/2026-27,Point Noire,USD,,,"29,737.50",0.25,25,Food,"118,950.00",6/15/2026,15-Jun-2026,,,Payment Processed,DBS,25-Jun-2026,17-Jun-2026,,,36,0,2,20,84,
5/11/2026 13:21:58,11-May-2026,joey@sunshineltd.com,Joey,12-May-2026,May-2026,"ZHANGZHOU GANGCHANG INDUSTRY & TRADE CO., LTD.",SFE260508-1,561/3149/2026-27,SKTN,USD,,,"16,818.70",0.30,30,Food,"56,062.50",6/11/2026,11-Jun-2026,,,Payment Processed,DBS,21-Jun-2026,15-Jul-2026,,,64,0,34,188,84,
5/11/2026 15:53:17,11-May-2026,joey@sunshineltd.com,Joey,12-May-2026,May-2026,"LINYI JICHUANG IMPORT & EXPORT CO., LTD.",260706,466/3083/2026-27,Lubumbashi,USD,,,"2,793.00",0.10,10,Sundry,"27,930.00",6/15/2026,15-Jun-2026,,,Payment Processed,DBS,25-Jun-2026,17-Jun-2026,,,36,0,2,2,84,
5/11/2026 18:32:45,11-May-2026,asta@sunshineltd.com,Asta,12-May-2026,May-2026,QUALITY MARINE EXPORTS,QME/PI/022/26-27,633/3176/2026-27,Point Noire,EUR,,,"5,000.00",0.21,21,Frozen,"24,200.00",5/22/2026,22-May-2026,,,Payment Processed,DBS,01-Jun-2026,,,64,,0,74,122,84,
5/12/2026 12:22:54,12-May-2026,joey@sunshineltd.com,Joey,12-May-2026,May-2026,F&B NUTRITION SDN BHD,3190002694,563/3151/2026-27,Brazzavile,USD,,,"15,120.00",0.20,20,Food,"75,600.00",6/30/2026,30-Jun-2026,,,Payment Processed,DBS,10-Jul-2026,,,25,,-1,35,174,84,
5/12/2026 12:49:58,12-May-2026,asta@sunshineltd.com,Asta,12-May-2026,May-2026,JBS S.A.,65943144,636/3179/2026-27,Point Noire,USD,,,"30,780.00",0.30,30,Frozen,"102,600.00",6/10/2026,10-Jun-2026,,,Payment Processed,DBS,20-Jun-2026,30-May-2026,,,18,-1,-11,-111,84,
5/12/2026 13:04:14,12-May-2026,joey@sunshineltd.com,Joey,12-May-2026,May-2026,"ZHANGZHOU GREENCAN FOOD CO., LTD.",CGC26169,558/3146/2026-27,Lome,USD,,,"14,868.75",0.25,25,Food,"59,475.00",8/31/2026,31-Aug-2026,,,Payment Processed,DBS,10-Sep-2026,,,,,-1,,0,84,
5/12/2026 15:20:49,12-May-2026,ulrica@sunshineltd.com,Ulrica,15-May-2026,May-2026,Linqing Sanhe Textiles Group Co Ltd,7267,097/7267/2026-27,Sar Saidu,USD,,,"97,500.00",1.00,100,Textile,"97,500.00",5/13/2026,13-May-2026,,,Payment Processed,SCB,23-May-2026,,,73,,2,83,"2,661",81,
5/12/2026 16:57:16,12-May-2026,joey@sunshineltd.com,Joey,14-May-2026,May-2026,"ANHUI HELI INDUSTRIAK VEHICKE IMP & EXP CO., LTD",D25726101-22,116/2714/2026-27,Fabfer,USD,,,"22,627.50",0.70,70,Automobile,"32,325.00",5/30/2026,30-May-2026,,,Payment Processed,SCB,09-Jun-2026,,,56,,1,66,491,82,
5/12/2026 20:16:01,12-May-2026,joey@sunshineltd.com,Joey,13-May-2026,May-2026,MEDITERRANEAN FOOD S.R.L.,97,087/2739/2026-27,Point Noire,EUR,,,"1,788.75",0.10,10,Food,"17,887.50",6/12/2026,12-Jun-2026,,,Payment Processed,CITI,22-Jun-2026,,,43,,0,53,31,83,
5/12/2026 20:23:50,12-May-2026,joey@sunshineltd.com,Joey,13-May-2026,May-2026,MEDITERRANEAN FOOD S.R.L.,102,582/3168/2026-27,Point Noire,EUR,,,"1,760.25",0.10,10,Food,"17,602.50",7/3/2026,03-Jul-2026,,,Payment Processed,CITI,13-Jul-2026,,,22,,0,32,19,83,
5/12/2026 20:35:06,12-May-2026,joey@sunshineltd.com,Joey,14-May-2026,May-2026,AFRINEXT OVERSEAS PRIVATE LIMITED,IN/FRO/001/26-27,645/3186/2026-27,Fronext,USD,,,"102,440.30",1.00,100,Hardware - Raw Material,"102,440.30",5/30/2026,30-May-2026,,,Payment Processed,SCB,09-Jun-2026,,,56,,1,66,"2,223",82,
5/12/2026 20:54:46,12-May-2026,joey@sunshineltd.com,Joey,14-May-2026,May-2026,HOBI KOZMETIK IMALAT SAN. VE TIC. .A.S,2026-113,642/3183/2026-27,SKTN,USD,,,"10,729.00",0.50,50,COMESTIC ITEMS,"21,458.00",6/12/2026,12-Jun-2026,,,Payment Processed,SCB,22-Jun-2026,,,43,,1,53,187,82,
5/13/2026 11:09:08,13-May-2026,asta@sunshineltd.com,Asta,14-May-2026,May-2026,SEARA MEATS BV,122025,506/3109/2026-27,Point Noire,USD,,,"16,146.00",0.30,30,Frozen,"53,820.00",5/26/2026,26-May-2026,,,Payment Processed,SCB,05-Jun-2026,28-May-2026,,,14,1,2,11,82,
5/13/2026 11:10:40,13-May-2026,asta@sunshineltd.com,Asta,14-May-2026,May-2026,SEARA MEATS BV,122217,572/3158/2026-27,Point Noire,USD,,,"16,146.00",0.30,30,Frozen,"53,820.00",5/28/2026,28-May-2026,,,Payment Processed,SCB,07-Jun-2026,31-May-2026,,,17,1,3,16,82,
5/13/2026 11:14:10,13-May-2026,tricia@sunshineltd.com,Tricia,14-May-2026,May-2026,YIWU ZHONGYONG TRADING COMPNAY,ZY0005/0004/0011,336,Fronext,RMB,,,"208,232.00",0.70,70,Sundry,"297,475.00",5/21/2026,21-May-2026,,,Payment Processed,SCB,31-May-2026,,,65,,1,75,"5,134",82,
5/13/2026 11:34:11,13-May-2026,asta@sunshineltd.com,Asta,14-May-2026,May-2026,"SHIJIAZHUANG SUNSHINE IMP&EXP TRADE CO., LTD.",2026SS6012,725/2822/2025-26,Mozambique,USD,,,"22,871.20",1.00,100,Hardware - Building Material,"22,871.20",3/27/2026,27-Mar-2026,,,Payment Processed,SCB,06-Apr-2026,27-Mar-2026,,,,1,0,0,82,
5/13/2026 15:11:01,13-May-2026,joey@sunshineltd.com,Joey,14-May-2026,May-2026,"TIANJIN SHINHOO FOOD CO.,LTD.",SHFD260245,644/3185/2026-27,NARESH BURKINA FASO,USD,,,"4,815.81",0.10,10,Food,"48,158.10",6/15/2026,15-Jun-2026,,,Payment Processed,SCB,25-Jun-2026,11-Jul-2026,,,58,0,26,41,82,
5/13/2026 15:11:52,13-May-2026,joey@sunshineltd.com,Joey,14-May-2026,May-2026,"ZHANGZHOU GREENCAN FOOD CO., LTD.",CGC26175,643/3184/2026-27,NARESH BURKINA FASO,USD,,,"14,868.75",0.25,25,Food,"59,475.00",7/18/2026,18-Jul-2026,,,Payment Processed,SCB,28-Jul-2026,21-Jul-2026,,,68,0,3,15,82,
5/13/2026 15:29:53,13-May-2026,joey@sunshineltd.com,Joey,14-May-2026,May-2026,"SHANGHAI BUTTERFLY IMP & EXP CO., LTD.",26YCA059/060,554/3142/2026-27,Lome,USD,,,"31,194.75",0.30,30,Machinary,"103,982.50",6/12/2026,12-Jun-2026,,,Payment Processed,SCB,22-Jun-2026,19-Jul-2026,,,66,0,37,379,82,
5/13/2026 15:31:08,13-May-2026,joey@sunshineltd.com,Joey,14-May-2026,May-2026,"SHANGHAI BUTTERFLY IMP & EXP CO., LTD.",26YCA058,555/3143/2026-27,Lome,USD,,,"14,916.00",0.30,30,Machinary,"49,720.00",7/12/2026,12-Jul-2026,,,Payment Processed,SCB,22-Jul-2026,25-Jun-2026,,,42,0,-17,-83,82,
5/14/2026 11:16:47,14-May-2026,asta@sunshineltd.com,Asta,15-May-2026,May-2026,"XING WAN YANG INTERNATIONAL TRADE CO., LIMITED",XWY-26CN1038-1,648/3188/2026-27,Point Noire,USD,,,"18,126.00",0.30,30,Frozen,"60,420.00",6/20/2026,20-Jun-2026,,,Payment Processed,SCB,30-Jun-2026,22-Jun-2026,,,38,1,2,12,81,
5/14/2026 11:17:59,14-May-2026,asta@sunshineltd.com,Asta,15-May-2026,May-2026,"XING WAN YANG INTERNATIONAL TRADE CO., LIMITED",XWY-26CN1038-2,649/3189/2026-27,Point Noire,USD,,,"18,126.00",0.30,30,Frozen,"60,420.00",6/20/2026,20-Jun-2026,,,Payment Processed,SCB,30-Jun-2026,25-Jul-2026,,,71,1,35,209,81,
5/14/2026 12:01:05,14-May-2026,joey@sunshineltd.com,Joey,15-May-2026,May-2026,YOMAXX ENTERPRISE,SO/018/26-27,639/3192/2026-27,Dicam,USD,,,"14,381.00",0.30,30,Automobile,"47,938.50",6/15/2026,15-Jun-2026,,,Payment Processed,SCB,25-Jun-2026,5-Jul-2026,,,51,0,20,95,81,
5/15/2026 10:41:49,15-May-2026,robin@sunshineltd.com,Robin,15-May-2026,May-2026,"TIAN YOU XIN CHENG(HONG KONG) HOLDING CO., LIMITED",TY26050272,690/3195/2026-27,Fabfer,USD,,,"14,280.00",0.10,10,Hardware - Raw Material,"142,800.00",6/30/2026,30-Jun-2026,,,Payment Processed,SCB,10-Jul-2026,24-Jul-2026,,,70,0,24,113,81,
5/15/2026 10:43:50,15-May-2026,robin@sunshineltd.com,Robin,15-May-2026,May-2026,"TAIZHOU HAODE MACHINERY AND ELECTRONICS CO., LTD.",2026LMN0514,692/3197/2026-27,Dicam,USD,,,"15,672.56",0.20,20,Hardware - Engine & Generator,"78,362.80",6/30/2026,30-Jun-2026,,,Payment Processed,SCB,10-Jul-2026,4-Jul-2026,,,50,0,4,21,81,
5/15/2026 10:45:08,15-May-2026,robin@sunshineltd.com,Robin,,Dec-1899,"SHANDONG JULONG STEEL PLATE CO., LTD",691/3196/2026-27,691/3196/2026-27,Fabfer,USD,,,"74,380.00",0.10,10,Hardware - Raw Material,"743,800.00",6/30/2026,30-Jun-2026,Cancelled,Wrong supplier inv no.,Canceled by Merchandiser,,10-Jul-2026,,,25,,,35,,"46,238",
5/15/2026 10:51:37,15-May-2026,robin@sunshineltd.com,Robin,15-May-2026,May-2026,"SHANDONG JULONG STEEL PLATE CO., LTD",JLGD260514028-FE,691/3196/2026-27,Fabfer,USD,,,"74,380.00",0.10,10,Hardware - Raw Material,"743,800.00",6/30/2026,30-Jun-2026,,,Payment Processed,SCB,10-Jul-2026,24-Jul-2026,,,70,0,24,587,81,
5/15/2026 18:49:18,15-May-2026,joey@sunshineltd.com,Joey,18-May-2026,May-2026,"YANGZHOU CIMC TONGHUA SPECIAL VEHICLES CO., LTD.",SUNSHINE/THT/LXO-2601,236/3154/2026-27,Conakry,USD,,,"17,940.00",0.13,13,Automobile,"139,000.00",7/7/2026,07-Jul-2026,,,Payment Processed,SCB,17-Jul-2026,,,18,,2,28,165.1463014,78,
5/15/2026 18:50:22,15-May-2026,joey@sunshineltd.com,Joey,18-May-2026,May-2026,"TPFTZ FOOD JUNC INDUSTRIAL CO.,LTD",FC2026-082,562/3150/2026-27,SKTN,USD,,,"5,606.25",0.10,10,Food,"56,062.50",8/30/2026,30-Aug-2026,,,Payment Processed,DBS,09-Sep-2026,,,,,2,,0,78,
5/15/2026 22:22:38,15-May-2026,joey@sunshineltd.com,Joey,18-May-2026,May-2026,"FAW TRUCKS INTERNATIONAL CO., LTD.",26FAWT0665,560/3148/2026-27,Cotonou,USD,,,"13,721.00",0.20,20,Automobile,"68,608.00",6/30/2026,30-Jun-2026,,,Payment Processed,SCB,10-Jul-2026,,,25,,2,35,157.8854795,78,
5/18/2026 21:04:08,18-May-2026,joey@sunshineltd.com,Joey,19-May-2026,May-2026,"TIANJIN SHINHOO FOOD CO.,LTD.",SHFD260249,699/3202/2026-27,Cotonou,USD,,,"9,115.00",0.10,10,Food,"91,146.70",7/24/2026,24-Jul-2026,,,Payment Processed,SCB,03-Aug-2026,16-Jul-2026,,,58,0,-8,-23.97369863,77,
5/19/2026 10:24:03,19-May-2026,yogesh.tulsiani@sunshineltd.com,Yogesh.Tulsiani,19-May-2026,May-2026,SELLWELL BUSINESS SERVICE ZHONGSHAN CO LTD,SAPI05182026,706/3207/2026/2027,Lome,USD,,,"1,855.65",0.10,10,White Goods,"18,556.50",6/30/2026,30-Jun-2026,,,Payment Processed,SCB,10-Jul-2026,10-Jul-2026,,,52,0,10,6.100767123,77,
5/19/2026 12:59:10,19-May-2026,tricia@sunshineltd.com,Tricia,20-May-2026,May-2026,YIWU ZHONGYONG TRADING COMPNAY,ZY0011,711,Fronext,RMB,,,"136,918.00",0.70,70,Hardware - Raw Material,"195,598.00",5/27/2026,27-May-2026,,,Payment Processed,SCB,06-Jun-2026,3-Jun-2026,,,14,0,7,315.0989589,76,
5/19/2026 16:42:56,19-May-2026,asta@sunshineltd.com,Asta,20-May-2026,May-2026,RDM IC  VE DIS TICARET MUMESSILLIK LTD. STI,2026EX0109,711/3208/2026-27,Point Noire,USD,,,"28,380.00",0.30,30,Frozen,"94,600.00",6/5/2026,05-Jun-2026,,Correct Invoice no. 710/3208/2026-27,Payment Processed,SCB,15-Jun-2026,8-Jun-2026,,,19,0,3,27.99123288,76,
5/20/2026 10:56:46,20-May-2026,joey@sunshineltd.com,Joey,26-May-2026,May-2026,"YANGZHOU CIMC TONGHUA SPECIAL VEHICLES CO., LTD.",SUNSHINE/THT/LXO-2602,701/3204/2026-27,Mali,USD,,,"29,760.00",0.30,30,Automobile,"99,200.00",7/17/2026,17-Jul-2026,,,Payment Processed,DBS,27-Jul-2026,,,8,,6,18,176.1139726,70,
5/21/2026 12:01:03,21-May-2026,asta@sunshineltd.com,Asta,26-May-2026,May-2026,"XING WAN YANG INTERNATIONAL TRADE CO., LIMITED",XWY-25CN0142,721/3214/2026-27,Point Noire,USD,,,"8,268.00",0.30,30,Frozen,"27,560.00",5/30/2026,30-May-2026,,,Payment Processed,DBS,09-Jun-2026,11-Jun-2026,,,16,4,12,32.6189589,70,
5/21/2026 12:05:43,21-May-2026,joey@sunshineltd.com,Joey,26-May-2026,May-2026,URBAN LABS INTERNATIONAL LLC S.A.,3253010,765/3217/2026-27,SKTN,USD,,,"33,487.50",0.50,50,COMESTIC ITEMS,"66,975.00",6/30/2026,30-Jun-2026,,,Payment Processed,DBS,10-Jul-2026,4-Jun-2026,,,9,4,-26,-286.2493151,70,
5/21/2026 16:29:25,21-May-2026,joey@sunshineltd.com,Joey,26-May-2026,May-2026,"ZHANGZHOU GREENCAN FOOD CO., LTD.",CGC26178 R,697/3200/2026-27,Cotonou,USD,,,"14,950.00",0.25,25,Food,"59,800.00",7/11/2026,11-Jul-2026,,,Payment Processed,DBS,21-Jul-2026,30-Jun-2026,,,35,4,-11,-54.06575342,70,
5/21/2026 16:30:28,21-May-2026,joey@sunshineltd.com,Joey,26-May-2026,May-2026,"ZHANGZHOU GREENCAN FOOD CO., LTD.",CGC26179 R,698/3201/2026-27,Cotonou,USD,,,"14,950.00",0.25,25,Food,"59,800.00",8/8/2026,08-Aug-2026,,,Payment Processed,DBS,18-Aug-2026,27-Jul-2026,,,62,4,,0,70,
5/21/2026 19:50:58,21-May-2026,joey@sunshineltd.com,Joey,26-May-2026,May-2026,"SICHUAN PROVINCE HUIQUAN CANNED FOOD CO., LTD",20260319 PO3209,705/3209/2026-27,Brazzavile,USD,,,"3,490.00",0.10,10,Food,"34,899.20",6/19/2026,19-Jun-2026,,,Payment Processed,DBS,29-Jun-2026,23-Jul-2026,,,58,4,34,39.01150685,70,
5/21/2026 20:28:56,21-May-2026,joey@sunshineltd.com,Joey,26-May-2026,May-2026,"YOG AUTO MOBILE PARTS CO., LTD.",M11,704/3206/2026-27,Cotonou,RMB,,,"236,721.58",0.30,30,Automobile,"789,071.94",6/19/2026,19-Jun-2026,,SEPERATE ONE MORE INV. 947/3206/2026-27 ,Payment Processed,DBS,29-Jun-2026,,,36,,4,46,3580.008552,70,
5/22/2026 13:01:45,22-May-2026,joey@sunshineltd.com,Joey,26-May-2026,May-2026,"FAW TRUCKS INTERNATIONAL CO., LTD.",26FAWT0715,700/3203/2026-27,Mali,USD,,,"56,524.80",0.20,20,Automobile,"282,624.00",7/15/2026,15-Jul-2026,,,Payment Processed,DBS,25-Jul-2026,,,10,,3,20,371.6699178,70,
5/22/2026 13:38:58,22-May-2026,joey@sunshineltd.com,Joey,26-May-2026,May-2026,"BAODING GREAT WALL INTERNATIONAL TRADE CO., LTD.",GJIWA2605067P,470/3131/2026-27,Lubumbashi,USD,,,"27,780.00",1.00,100,Automobile,"27,780.00",7/30/2026,30-Jul-2026,,,Payment Processed,DBS,09-Aug-2026,31-Jul-2026,,,66,3,1,9.133150685,70,
5/22/2026 14:42:44,22-May-2026,robin@sunshineltd.com,Robin,26-May-2026,May-2026,"QINGDAO AIERSANG INTERNATIONAL TRADE CO., LTD.",26YK1266,021/3224/2026-27,Cotonou,USD,,,"2,301.00",0.10,10,Hardware - Building Material,"23,010.00",6/20/2026,20-Jun-2026,,,Payment Processed,DBS,30-Jun-2026,27-Jul-2026,,,62,3,37,27.99024658,70,
5/22/2026 15:25:02,22-May-2026,ulrica@sunshineltd.com,Ulrica,26-May-2026,May-2026,TONGXIANG GOETHE TEXTILE CO LTD.,7321,629/7321/2026-27,Lome,USD,,,"5,000.00",0.05,5,Textile,"95,187.00",6/24/2026,24-Jun-2026,,,Payment Processed,DBS,04-Jul-2026,22-Jul-2026,,,57,3,28,46.02739726,70,
5/22/2026 15:28:33,22-May-2026,yogesh.tulsiani@sunshineltd.com,Yogesh.Tulsiani,22-May-2026,May-2026,MINGCAI NEW CENTURY (HK) CO. LIMITED.,PI-SSL260521H01,775/3227/2026/2027,Lome,USD,,,"22,390.00",0.20,20,White Goods,"111,950.00",7/6/2026,06-Jul-2026,,,Payment Processed,DBS,16-Jul-2026,12-Jul-2026,,,51,-1,6,44.16657534,74,
5/22/2026 18:39:35,22-May-2026,joey@sunshineltd.com,Joey,26-May-2026,May-2026,"GUANGDONG WENPINJIE TRADING CO., LTD.",BX20260522-PO3218/2026-27 ,766/3218/2026-27,SKTN,USD,,,"7,724.00",0.20,20,Sundry,"38,620.00",6/26/2026,26-Jun-2026,,,Payment Processed,DBS,06-Jul-2026,22-Jun-2026,,,27,3,-4,-10.15758904,70,
5/22/2026 18:41:10,22-May-2026,joey@sunshineltd.com,Joey,26-May-2026,May-2026,"GUANGDONG WENPINJIE TRADING CO., LTD.",BX20260522-PO3220/2026-27 ,767/3219/2026-27,SKTN,USD,,,"7,724.00",0.20,20,Sundry,"38,620.00",7/27/2026,27-Jul-2026,,,Payment Processed,DBS,06-Aug-2026,21-Jul-2026,,,56,3,-6,-15.23638356,70,
5/22/2026 18:42:33,22-May-2026,joey@sunshineltd.com,Joey,26-May-2026,May-2026,"GUANGDONG WENPINJIE TRADING CO., LTD.",BX20260522-PO3220/2026-27 ,768/3220/2026-27,SKTN,USD,,,"7,724.00",0.20,20,Sundry,"38,620.00",7/27/2026,27-Jul-2026,,,Payment Processed,DBS,06-Aug-2026,,,,,3,8,20.31517808,70,
5/26/2026 11:39:00,26-May-2026,tricia@sunshineltd.com,Tricia,26-May-2026,May-2026,YOMAXX ENTERPRISES,EXP/019/26-27,559,Dicam,USD,,,"56,527.80",0.74,74,Automobile,"76,458.80",5/19/2026,19-May-2026,,,Payment Processed,CITI,29-May-2026,,,67,,0,77,1431.005129,70,
5/26/2026 13:09:25,26-May-2026,anil@sunshineltd.com,Anil,26-May-2026,May-2026,TIMBRO SWISS LTD,S61473.000,715/3211/2026-27,SASTEK INTERNATIONAL FZC,USD,,,"77,716.80",0.10,10,Commodities,"777,168.00",7/15/2026,15-Jul-2026,,,Payment Processed,DBS,25-Jul-2026,8-Jul-2026,,,43,-1,-7,-178.8551014,70,
5/26/2026 14:41:56,26-May-2026,robin@sunshineltd.com,Robin,26-May-2026,May-2026,"HEBEI XINNUO ROLL FORMING MACHINE CO., LTD.",XN20260317L03,115/2767/2026-27,Fabfer,USD,,,"6,120.00",0.60,60,Hardware - Building Material,"10,200.00",5/30/2026,30-May-2026,,Balance payment,Payment Processed,DBS,09-Jun-2026,13-Jun-2026,,,18,-1,14,28.16876712,70,
5/26/2026 15:10:41,26-May-2026,tricia@sunshineltd.com,Tricia,26-May-2026,May-2026,YIWU ZHONGYONG TRADING COMPNAY,zy0011,329,Fronext,RMB,,,"236,656.00",0.70,70,Hardware - Raw Material,"338,080.00",6/3/2026,03-Jun-2026,,,Payment Processed,CITI,13-Jun-2026,,,52,,0,62,4823.892164,70,
5/27/2026 12:58:12,27-May-2026,asta@sunshineltd.com,Asta,27-May-2026,May-2026,Tönnies Lebensmittel GmbH & Co. KG,53901,782/3230/2026-27,Point Noire,EUR,,,"7,868.00",0.20,20,Frozen,"39,340.00",6/15/2026,15-Jun-2026,,,Payment Processed,SCB,25-Jun-2026,21-Jun-2026,,,#REF!,1,6,15.52043836,69,
5/28/2026 11:53:41,28-May-2026,tricia@sunshineltd.com,Tricia,29-May-2026,May-2026,YOMAXX ENTERPRISES,SO/024/26-27,829,Dicam,USD,,,"46,325.00",0.30,30,Automobile,"154,418.00",5/28/2026,28-May-2026,,,Payment Processed,DBS,07-Jun-2026,,,58,,1,68,1035.649315,67,
5/28/2026 11:55:24,28-May-2026,tricia@sunshineltd.com,Tricia,29-May-2026,May-2026,"SHANDONG TRANSTONE TYRE CO., LTD.",T26T032,830,Dicam,USD,,,"27,279.00",0.20,20,Automobile,"136,394.00",5/28/2026,28-May-2026,,,Payment Processed,DBS,07-Jun-2026,30-Jun-2026,,,#REF!,1,33,295.9584658,67,
5/28/2026 17:18:06,28-May-2026,robin@sunshineltd.com,Robin,29-May-2026,May-2026,"TIAN YOU XIN CHENG(HONG KONG) HOLDING CO., LIMITED",TY26060302,831/3237/2026-27,Cotonou,USD,,,"26,094.40",0.10,10,Hardware - Building Material,"260,944.00",6/30/2026,30-Jun-2026,,,Payment Processed,DBS,10-Jul-2026,,,25,,3,35,300.2643288,67,
5/29/2026 12:03:58,29-May-2026,robin@sunshineltd.com,Robin,01-Jun-2026,Jun-2026,"SHIJIAZHUANG SUNSHINE IMP&EXP TRADE CO., LTD.",2026SS6022,788/3233/2026-27,Mozambique,USD,,,"21,871.50",1.00,100,Hardware - Building Material,"21,871.50",4/17/2026,17-Apr-2026,,,Payment Processed,DBS,27-Apr-2026,,,99,,2,109,783.7786849,64,
5/29/2026 12:05:16,29-May-2026,robin@sunshineltd.com,Robin,01-Jun-2026,Jun-2026,"SHIJIAZHUANG SUNSHINE IMP&EXP TRADE CO., LTD.",2026SS6025,789/3234/2026-27,Mozambique,USD,,,"21,455.00",1.00,100,Hardware - Building Material,"21,455.00",4/7/2026,07-Apr-2026,,,Payment Processed,DBS,17-Apr-2026,,,109,,2,119,839.390137,64,
5/29/2026 12:34:49,29-May-2026,robin@sunshineltd.com,Robin,01-Jun-2026,Jun-2026,"SHANGDONG TANGUO INTERNATIONAL TRADE CO., LTD",TMLL20260529,835/3240/2026-27,Dicam,USD,,,"19,344.00",0.20,20,Hardware - Building Material,"96,720.00",7/25/2026,25-Jul-2026,,,Payment Processed,DBS,04-Aug-2026,,,,,2,10,63.59671233,64,
5/29/2026 15:08:13,29-May-2026,robin@sunshineltd.com,Robin,01-Jun-2026,Jun-2026,"SHIJIAZHUANG SUNSHINE IMP&EXP TRADE CO., LTD.",2026SS6028,836/3241/2026-27,Mozambique,USD,,,"20,200.00",1.00,100,Hardware - Building Material,"20,200.00",4/18/2026,18-Apr-2026,,,Payment Processed,DBS,28-Apr-2026,,,98,,3,108,717.2383562,64,
6/1/2026 14:38:49,01-Jun-2026,yogesh.tulsiani@sunshineltd.com,Yogesh.Tulsiani,02-Jun-2026,Jun-2026,"NINGBO CHANGER ELECTRONCO., LTD.",CJ-B20260527-BO,845/3250/2026-27,Cotonou,USD,,,"7,860.00",0.20,20,White Goods,"39,300.00",7/31/2026,31-Jul-2026,,,Payment Processed,DBS,10-Aug-2026,,,,,0,4,10.33643836,63,
6/1/2026 16:15:55,01-Jun-2026,connie@sunshineltd.com,Connie,02-Jun-2026,Jun-2026,HITARGET HONG KONG LIMITED,7329T/ 35457,294/7329T/26-27,Abidjan,USD,,,"20,000.00",0.17,17,Textile,"114,600.00",8/28/2026,28-Aug-2026,,,Payment Processed,CITI,07-Sep-2026,,,,,0,,0,63,
6/2/2026 0:47:37,02-Jun-2026,joey@sunshineltd.com,Joey,02-Jun-2026,Jun-2026,"LUOYANG SHUAIYING TRADE CO., LTD.",260519SS(PO3059B),703/3059B/2026-27,Bangui,USD,,,"9,577.00",0.20,20,Automobile,"47,885.00",6/30/2026,30-Jun-2026,,,Payment Processed,DBS,10-Jul-2026,26-Jul-2026,,,#REF!,0,26,81.86367123,63,
6/2/2026 11:19:02,02-Jun-2026,robin@sunshineltd.com,Robin,02-Jun-2026,Jun-2026,"DINGZHOU CITY RUILI NAILS PRODUCTS CO., LTD.",JTMWR20260601B,850/3252/2026-27,Cotonou,USD,,,"3,423.31",0.10,10,Hardware - Building Material,"34,233.11",7/18/2026,18-Jul-2026,,"#850 WILL SPLIT TO 2 FILES : #850 + #220 , PLS SPLIT DEPOSITS",Payment Processed,DBS,28-Jul-2026,,,7,,0,17,19.13302475,63,
6/2/2026 11:20:20,02-Jun-2026,robin@sunshineltd.com,Robin,02-Jun-2026,Jun-2026,"DINGZHOU CITY RUILI NAILS PRODUCTS CO., LTD.",JTMWR20260601C,851/3253/2026-27,Cotonou,USD,,,"3,494.26",0.10,10,Hardware - Building Material,"34,942.55",7/18/2026,18-Jul-2026,,,Payment Processed,DBS,28-Jul-2026,7-Jul-2026,,,#REF!,0,-11,-12.63675911,63,
6/2/2026 11:23:54,02-Jun-2026,tricia@sunshineltd.com,Tricia,02-Jun-2026,Jun-2026,YIWU ZHONGYONG TRADING COMPNAY,zy0011,115,Fronext,RMB,,,"189,945.00",0.70,70,Hardware - Raw Material,"271,350.00",6/10/2026,10-Jun-2026,,,Payment Processed,CITI,20-Jun-2026,,,45,,0,55,3434.621918,63,
6/2/2026 11:47:16,02-Jun-2026,ulrica@sunshineltd.com,Ulrica,02-Jun-2026,Jun-2026,Sichuan Cotton and Ramie Group Corporation,7326,778/7326/2026-27,Cotonou,USD,,,"10,000.00",0.10,10,Textile,"102,336.00",6/15/2026,15-Jun-2026,,,Payment Processed,CITI,25-Jun-2026,,,40,,0,50,164.3835616,63,
6/2/2026 12:13:07,02-Jun-2026,joey@sunshineltd.com,Joey,02-Jun-2026,Jun-2026,GUANGZHOU HAOJIN MOTORCYCLE COMPANY LTD.,HJ-PN-172(PO3223),771/3223/2026-27,Point Noire,USD,,,"10,000.00",0.20,20,Automobile,"50,400.00",7/10/2026,10-Jul-2026,,,Payment Processed,DBS,20-Jul-2026,21-Jul-2026,,,#REF!,-1,11,36.16438356,63,
6/2/2026 12:19:29,02-Jun-2026,joey@sunshineltd.com,Joey,02-Jun-2026,Jun-2026,"SHANGHAI BUTTERFLY IMP & EXP CO., LTD.",26YCA070,568/3147/2026-27,Cotonou,USD,,,"15,681.60",0.30,30,White Goods,"52,272.00",9/4/2026,04-Sep-2026,,,Payment Processed,CITI,14-Sep-2026,,,,,-1,,0,63,
6/2/2026 16:05:01,02-Jun-2026,yogesh.tulsiani@sunshineltd.com,Yogesh.Tulsiani,02-Jun-2026,Jun-2026,"ZHEJIANG XINGXING REFRIGERATION CO., LTD.",SUNXX-260602,860-3260-2026-27,Cotonou,USD,,,"8,960.00",0.20,20,White Goods,"44,800.00",8/8/2026,08-Aug-2026,,,Payment Processed,CITI,18-Aug-2026,,,,,0,,0,63,
6/3/2026 10:54:29,03-Jun-2026,robin@sunshineltd.com,Robin,03-Jun-2026,Jun-2026,"TIAN YOU XIN CHENG(HONG KONG) HOLDING CO., LIMITED",TY26060307,861/3268/2026-27,Cotonou,USD,,,"28,640.00",0.10,10,Hardware - Building Material,"286,400.00",7/31/2026,31-Jul-2026,,,Payment Processed,CITI,10-Aug-2026,,,,,0,4,37.66356164,62,
6/3/2026 12:19:28,03-Jun-2026,joey@sunshineltd.com,Joey,03-Jun-2026,Jun-2026,"YANGZHOU CIMC TONGHUA SPECIAL VEHICLES CO., LTD.",CMP/THT/GN-2602,855/3256/2026-27,Conakry,USD,,,"171,600.00",0.15,15,Automobile,"1,144,000.00",8/13/2026,13-Aug-2026,,,Payment Processed,CITI,23-Aug-2026,,,,,-1,,0,62,
6/3/2026 15:57:53,03-Jun-2026,asta@sunshineltd.com,Asta,03-Jun-2026,Jun-2026,OFFAL EXP S.A.,2600028055,870/3269/2026-27,Point Noire,USD,,,"41,040.00",0.40,40,Frozen,"102,600.00",6/19/2026,19-Jun-2026,,,Payment Processed,CITI,29-Jun-2026,26-Jun-2026,,,#REF!,-1,7,94.44821918,62,
6/3/2026 18:45:25,03-Jun-2026,robin@sunshineltd.com,Robin,03-Jun-2026,Jun-2026,"DINGZHOU CITY RUILI NAILS PRODUCTS CO., LTD.",JTMWR20260602A,859/3259/2026-27,NARESH BURKINA FASO,USD,,,"3,421.22",0.10,10,Hardware - Building Material,"34,212.24",7/31/2026,31-Jul-2026,,,Payment Processed,CITI,10-Aug-2026,,,,,-1,4,4.499143627,62,
6/4/2026 11:12:58,04-Jun-2026,shilpali@sunshineltd.com,Shilpali,03-Jun-2026,Jun-2026,TVS Srichakra Ltd,2200009049,873/5026/2026-27,Lome,USD,,,"6,348.00",0.30,30,Automobile,"21,160.00",6/15/2026,15-Jun-2026,,,Payment Processed,DBS,25-Jun-2026,22-Jun-2026,,,#REF!,4,7,14.60909589,62,
6/5/2026 11:23:47,05-Jun-2026,joey@sunshineltd.com,Joey,08-Jun-2026,Jun-2026,"GUANGDONG SWEET SIXTEEN FOODS CO., LTD",SW26060301,853/3255/2026-27,Brazzavile,USD,,,"11,989.80",0.30,30,Food,"39,966.00",7/10/2026,10-Jul-2026,,,Payment Processed,CITI,20-Jul-2026,,,15,,3,25,98.54630137,57,
6/5/2026 11:26:05,05-Jun-2026,joey@sunshineltd.com,Joey,08-Jun-2026,Jun-2026,"ZHANGZHOU GREENCAN FOOD CO., LTD.",CGC26194,917/3278/2026-27,Point Noire,USD,,,"29,900.00",0.25,25,Food,"119,600.00",6/30/2026,30-Jun-2026,,,Payment Processed,CITI,10-Jul-2026,1-Jul-2026,,,#REF!,3,1,9.830136986,57,
6/5/2026 11:27:32,05-Jun-2026,joey@sunshineltd.com,Joey,08-Jun-2026,Jun-2026,"ZHANGZHOU GREENCAN FOOD CO., LTD.",CGC26195,918/3279/2026-27,Point Noire,USD,,,"14,950.00",0.25,25,Food,"59,800.00",6/30/2026,30-Jun-2026,,,Payment Processed,CITI,10-Jul-2026,,,25,,3,35,172.0273973,57,
6/5/2026 12:03:02,05-Jun-2026,robin@sunshineltd.com,Robin,08-Jun-2026,Jun-2026,"DINGZHOU CITY RUILI NAILS PRODUCTS CO., LTD.",JTMWR20260605,919/3280/2026-27,Fronext,USD,,,"3,934.36",0.10,10,Hardware - Building Material,"39,343.63",7/25/2026,25-Jul-2026,,,Payment Processed,CITI,04-Aug-2026,,,,,2,10,12.93489041,57,
6/5/2026 12:04:21,05-Jun-2026,robin@sunshineltd.com,Robin,08-Jun-2026,Jun-2026,"DEZHOU REBELI (JINGHUA) GLASS BLOCK CO., LTD",26-017-N,926/3287/2026-27,Fronext,USD,,,"9,730.80",1.00,100,Hardware - Building Material,"9,730.80",7/11/2026,11-Jul-2026,,,Payment Processed,CITI,21-Jul-2026,30-Jun-2026,,,#REF!,2,-11,-35.19083836,57,
6/5/2026 12:05:39,05-Jun-2026,robin@sunshineltd.com,Robin,08-Jun-2026,Jun-2026,TANGSHAN SANFA HARDWARE FACTORY,TSSF26038,925/3286/2026-27,Fronext,USD,,,"3,203.16",0.10,10,Hardware - Building Material,"32,031.60",7/31/2026,31-Jul-2026,,,Payment Processed,CITI,10-Aug-2026,,,,,2,4,4.212374795,57,
6/5/2026 12:06:57,05-Jun-2026,robin@sunshineltd.com,Robin,08-Jun-2026,Jun-2026,TANGSHAN SANFA HARDWARE FACTORY,TSSF26037,924/3285/2026-27,Fronext,USD,,,"1,248.36",0.10,10,Hardware - Building Material,"12,483.60",7/25/2026,25-Jul-2026,,,Payment Processed,CITI,04-Aug-2026,,,,,2,10,4.10419726,57,
6/5/2026 12:08:06,05-Jun-2026,robin@sunshineltd.com,Robin,08-Jun-2026,Jun-2026,"QINGDAO AIERSANG INTERNATIONAL TRADE CO., LTD.",26YK1277,923/3284/2026-27,Fronext,USD,,,"6,623.10",0.10,10,Hardware - Building Material,"66,231.00",7/31/2026,31-Jul-2026,,,Payment Processed,CITI,10-Aug-2026,,,,,2,4,8.709830137,57,
6/5/2026 12:09:42,05-Jun-2026,robin@sunshineltd.com,Robin,08-Jun-2026,Jun-2026,"WEIFANG JINQUAN WOOD CO., LTD,",WL1137,921/3282/2026-27,Fronext,USD,,,"3,280.00",0.10,10,Hardware - Building Material,"32,775.00",7/11/2026,11-Jul-2026,,,Payment Processed,CITI,21-Jul-2026,,,14,,2,24,25.88054795,57,
6/5/2026 12:10:58,05-Jun-2026,robin@sunshineltd.com,Robin,08-Jun-2026,Jun-2026,"QINGDAO TRI-LINK LOCK GROUP CO., LTD.",26TL13257K,922/3283/2026-27,Fronext,USD,,,"8,568.00",0.20,20,Hardware - Building Material,"42,840.00",8/8/2026,08-Aug-2026,,,Payment Processed,CITI,18-Aug-2026,,,,,2,,0,57,
6/5/2026 12:17:00,05-Jun-2026,robin@sunshineltd.com,Robin,08-Jun-2026,Jun-2026,"TAIZHOU HAODE MACHINERY AND ELECTRONICS CO., LTD.",2026LMN0604,927/3288/2026-27,Fronext,USD,,,"39,279.80",0.20,20,Hardware - Engine & Generator,"196,399.00",7/18/2026,18-Jul-2026,,,Payment Processed,CITI,28-Jul-2026,3-Aug-2026,,,#REF!,2,16,206.6225096,57,
6/5/2026 14:11:53,05-Jun-2026,robin@sunshineltd.com,Robin,08-Jun-2026,Jun-2026,LINYI YIKE TRADING CO. LTD,YK20260604,928/3289/2026-27,Fronext,RMB,,,"15,840.00",0.10,10,Hardware - Building Material,"158,400.00",7/18/2026,18-Jul-2026,,"Need to pay in RMB because the supplier will not declare the goods. If in USD, he needs to declare the goods",Payment Processed,CITI,28-Jul-2026,5-Aug-2026,,,#REF!,2,18,93.73808219,57,
6/5/2026 14:14:00,05-Jun-2026,robin@sunshineltd.com,Robin,08-Jun-2026,Jun-2026,CANGZHOU ZHONGTUO ROLL FORMING MACHINERY CO LTD,LSH-20260529,920/3281/2026-27,Fabfer,USD,,,"21,000.00",0.30,30,Machinary,"70,000.00",9/19/2026,19-Sep-2026,,,Payment Processed,CITI,29-Sep-2026,,,,,,,,57,
6/8/2026 11:44:51,08-Jun-2026,shilpali@sunshineltd.com,Shilpali,08-Jun-2026,Jun-2026,TVS Srichakra Ltd,2200009027,933/5023/2026-27,Abidjan,USD,,,"16,434.09",0.30,30,Automobile,"54,780.00",6/15/2026,15-Jun-2026,,,Payment Processed,CITI,25-Jun-2026,17-Jun-2026,,,#REF!,,2,,57,
6/8/2026 12:20:12,08-Jun-2026,yogesh.tulsiani@sunshineltd.com,Yogesh.Tulsiani,09-Jun-2026,Jun-2026,"CIXI FEILONG INTERNATIONAL TRADING CO., LTD.",FLX2633050,930/3291/2026/27,Cotonou,USD,,,"6,278.40",0.30,30,White Goods,"20,928.00",8/13/2026,13-Aug-2026,,,Payment Processed,CITI,23-Aug-2026,,,,,,,,56,
6/8/2026 12:51:04,08-Jun-2026,yogesh.tulsiani@sunshineltd.com,Yogesh.Tulsiani,09-Jun-2026,Jun-2026,NINGBO SHARBO TRADING CO LTD,XB26-R1064,931/3292/2026/27,Cotonou,USD,,,"8,660.00",0.20,20,White Goods,"43,300.00",8/13/2026,13-Aug-2026,,,Payment Processed,CITI,23-Aug-2026,,,,,,,,56,
6/8/2026 14:11:22,08-Jun-2026,yogesh.tulsiani@sunshineltd.com,Yogesh.Tulsiani,09-Jun-2026,Jun-2026,NINGBO SHARBO TRADING CO LTD,XB26-R1065,932/3293/2026/27,Cotonou,USD,,,"9,340.00",0.20,20,White Goods,"46,700.00",8/15/2026,15-Aug-2026,,,Payment Processed,CITI,25-Aug-2026,,,,,,,,56,
6/8/2026 17:01:26,08-Jun-2026,yogesh.tulsiani@sunshineltd.com,Yogesh.Tulsiani,09-Jun-2026,Jun-2026,JU YUEN (HONG KONG) INTERNATIONAL LIMITED,JP-SS-WM-2603BN,938/3299/2026/27,Cotonou,USD,,,"2,240.00",0.10,10,White Goods,"22,400.00",8/5/2026,05-Aug-2026,,,Payment Processed,CITI,15-Aug-2026,,,,,,,,56,
6/9/2026 12:36:37,09-Jun-2026,robin@sunshineltd.com,Robin,11-Jun-2026,Jun-2026,"TIAN YOU XIN CHENG(HONG KONG) HOLDING CO., LIMITED",TY26060314,942/3303/2026-27,Cotonou,USD,,,"12,852.00",0.10,10,Hardware - Building Material,"128,520.00",7/31/2026,31-Jul-2026,,,Payment Processed,CITI,10-Aug-2026,,,,,,4,,54,
6/9/2026 12:42:06,09-Jun-2026,robin@sunshineltd.com,Robin,10-Jun-2026,Jun-2026,"TAIZHOU HAODE MACHINERY AND ELECTRONICS CO., LTD.",2026LMN0609,940/3301/2026-27,Dicam,USD,,,"10,142.60",0.20,20,Hardware - Engine & Generator,"50,713.00",7/31/2026,31-Jul-2026,,,Payment Processed,CITI,10-Aug-2026,,,,,,4,,55,
6/9/2026 12:43:31,09-Jun-2026,robin@sunshineltd.com,Robin,10-Jun-2026,Jun-2026,"JIANGSU TIPTOP BUILDING MATERIAL CO., LTD.",TT26060801B,941/3302/2026-27,Fronext,USD,,,"2,064.15",0.15,15,Hardware - Building Material,"13,761.00",7/25/2026,25-Jul-2026,,,Payment Processed,CITI,04-Aug-2026,26-Jul-2026,,,#REF!,,1,,55,
6/9/2026 12:54:01,09-Jun-2026,robin@sunshineltd.com,Robin,,Dec-1899,"JIANGSU TIPTOP BUILDING MATERIAL CO., LTD.",TT26060801B,941/3302/2026-27,Fronext,USD,,,"2,064.15",0.15,15,Hardware - Building Material,"13,761.00",7/31/2026,31-Jul-2026,Cancelled,Duplicate,Canceled by Merchandiser,,10-Aug-2026,,,,,,4,,"46,238",
6/9/2026 18:07:39,09-Jun-2026,joey@sunshineltd.com,Joey,10-Jun-2026,Jun-2026,AAB (CHINA) CO LTD,26420 (PO3003/2026-27),220/3003/2026-27,Cotonou,USD,,,"4,215.78",0.20,20,HYGEINE & PERSONAL CARE,"21,078.88",7/15/2026,15-Jul-2026,,,Payment Processed,CITI,25-Jul-2026,,,10,,,20,,55,
6/9/2026 18:44:52,09-Jun-2026,robin@sunshineltd.com,Robin,10-Jun-2026,Jun-2026,"DINGZHOU CITY RUILI NAILS PRODUCTS CO., LTD.",JTMWR20260408,289/3025/2026-27,Mali,USD,,,"1,081.11",0.10,10,Hardware - Building Material,"10,811.10",6/30/2026,30-Jun-2026,,,Payment Processed,CITI,10-Jul-2026,3-Jul-2026,,,#REF!,,3,,55,
6/10/2026 15:19:04,10-Jun-2026,yogesh.tulsiani@sunshineltd.com,Yogesh.Tulsiani,12-Jun-2026,Jun-2026,ZHONGSHAN KINBLY IMP. & EXP. CO. LTD.,W3642-260604,939/3300/2026/27,Fizzen,USD,,,"21,178.00",0.20,20,White Goods,"105,890.00",8/7/2026,07-Aug-2026,,,Payment Processed,CITI,17-Aug-2026,,,,,,,,53,
6/11/2026 12:16:37,11-Jun-2026,robin@sunshineltd.com,Robin,12-Jun-2026,Jun-2026,"PINGDINGSHAN AOFENG NEW MATERIAL TECHNOLOGY CO., LTD.",AF260610-1LFF,984/3312/2026-27,Fronext,USD,,,"4,847.04",0.30,30,Hardware - Building Material,"16,156.80",7/31/2026,31-Jul-2026,,,Payment Processed,CITI,10-Aug-2026,22-Jul-2026,,,#REF!,,-9,,53,
6/11/2026 18:08:18,11-Jun-2026,joey@sunshineltd.com,Joey,12-Jun-2026,Jun-2026,"ZHEJIANG WINFUL I/E CO., LTD.",2026JE023,980/3308/2026-27,Brazzavile,USD,,,"3,937.77",0.20,20,Food,"19,688.85",7/3/2026,03-Jul-2026,,,Payment Processed,CITI,13-Jul-2026,9-Jul-2026,,,#REF!,,6,,53,
6/11/2026 18:12:43,11-Jun-2026,joey@sunshineltd.com,Joey,12-Jun-2026,Jun-2026,"MITTO RUBBER TECHNOLOGY CO., LTD",MT260610-SUN008,520/3118+3290/2026-27,Lome,USD,,,"14,730.00",0.30,30,Automobile,"49,100.00",6/23/2026,23-Jun-2026,,,Payment Processed,CITI,03-Jul-2026,30-Jun-2026,,,#REF!,,7,,53,
6/11/2026 19:04:04,11-Jun-2026,joey@sunshineltd.com,Joey,12-Jun-2026,Jun-2026,GPS DIESEL SUPPLY ASIA LIMITED,GPS-INV260528,946/3277/2026-27,Conakry,USD,,,"112,560.00",0.30,30,Machinary,"375,200.00",8/21/2026,21-Aug-2026,,,Payment Processed,SCB,31-Aug-2026,,,,,,,,53,
6/12/2026 10:39:55,12-Jun-2026,asta@sunshineltd.com,Asta,15-Jun-2026,Jun-2026,J. MARR (SEAFOODS) LIMITED,11522,878/3276/2026-27,Point Noire,EUR,,,"5,994.00",0.10,10,Frozen,"59,940.00",6/26/2026,26-Jun-2026,,,Payment Processed,DBS,06-Jul-2026,21-Jun-2026,,,#REF!,,-5,,50,
6/12/2026 15:09:30,12-Jun-2026,asta@sunshineltd.com,Asta,15-Jun-2026,Jun-2026,"XING WAN YANG INTERNATIONAL TRADE CO., LIMITED",XWY-26CN1048,988/3316/2026-27,Point Noire,USD,,,"14,469.00",0.30,30,Frozen,"48,230.00",7/15/2026,15-Jul-2026,,,Payment Processed,CITI,25-Jul-2026,,,10,,,20,,50,
6/12/2026 15:12:05,12-Jun-2026,asta@sunshineltd.com,Asta,15-Jun-2026,Jun-2026,"XING WAN YANG INTERNATIONAL TRADE CO., LIMITED",XWY-26CN1048,989/3317/2026-27,Point Noire,USD,,,"14,469.00",0.30,30,Frozen,"48,230.00",7/31/2026,31-Jul-2026,,,Payment Processed,CITI,10-Aug-2026,,,,,,4,,50,
6/12/2026 15:20:37,12-Jun-2026,asta@sunshineltd.com,Asta,15-Jun-2026,Jun-2026,"XING WAN YANG INTERNATIONAL TRADE CO., LIMITED",XWY-26VN0148,990/3318/2026-27,Point Noire,USD,,,"6,844.50",0.30,30,Frozen,"22,815.00",6/25/2026,25-Jun-2026,,,Payment Processed,CITI,05-Jul-2026,16-Jul-2026,,,#REF!,,21,,50,
6/15/2026 16:33:21,15-Jun-2026,robin@sunshineltd.com,Robin,,Dec-1899,"DINGZHOU CITY RUILI NAILS PRODUCTS CO., LTD.",JTMWR20260429E,520/3118/2026-27,Lome,USD,,,"16,330.94",0.90,90,Hardware - Building Material,"18,145.49",6/30/2026,30-Jun-2026,Cancelled,Wrrong amount,Canceled by Merchandiser,,10-Jul-2026,30-Jun-2026,,,#REF!,,0,,"46,238",
6/15/2026 18:48:15,15-Jun-2026,yogesh.tulsiani@sunshineltd.com,Yogesh.Tulsiani,17-Jun-2026,Jun-2026,"QINGDAO AUCMA IMP. & EXP. CO., LTD.",LZSUNSHINE260612,999/3329/2026/27,Fizzen,USD,,,"8,769.60",0.30,30,White Goods,"29,232.00",8/31/2026,31-Aug-2026,,,Payment Processed,CITI,10-Sep-2026,,,,,,,,48,
6/15/2026 18:49:58,15-Jun-2026,yogesh.tulsiani@sunshineltd.com,Yogesh.Tulsiani,17-Jun-2026,Jun-2026,"NINGBO HANDIAN TRADING CO., LTD.",MB216,1000/3330/2026/27,Fizzen,USD,,,"7,286.40",0.30,30,White Goods,"24,288.00",8/31/2026,31-Aug-2026,,,Payment Processed,CITI,10-Sep-2026,,,,,,,,48,
6/15/2026 22:15:46,15-Jun-2026,joey@sunshineltd.com,Joey,17-Jun-2026,Jun-2026,AAB (CHINA) CO LTD,26442 (PO3319/2026-27),854/7345+7346+3319/2026-27,Brazzavile,USD,,,"7,557.60",1.00,100,HYGEINE & PERSONAL CARE,"7,557.60",7/31/2026,31-Jul-2026,,,Payment Processed,CITI,10-Aug-2026,,,,,,4,,48,
6/15/2026 22:16:41,15-Jun-2026,joey@sunshineltd.com,Joey,17-Jun-2026,Jun-2026,AAB (CHINA) CO LTD,26443 (PO3320/2026-27),991/3320/2026-27,Brazzavile,USD,,,"12,719.28",1.00,100,HYGEINE & PERSONAL CARE,"12,719.28",7/31/2026,31-Jul-2026,,,Payment Processed,CITI,10-Aug-2026,,,,,,4,,48,
6/15/2026 23:34:46,15-Jun-2026,joey@sunshineltd.com,Joey,17-Jun-2026,Jun-2026,KENZOL MULTI INDUSTRIES FZC,EST-001629,1001/3331/2026-27,Dicam,USD,,,"47,950.00",0.15,15,Hardware - Building Material,"325,750.00",7/31/2026,31-Jul-2026,,,Payment Processed,DBS,10-Aug-2026,,,,,,4,,48,
6/15/2026 23:35:56,15-Jun-2026,joey@sunshineltd.com,Joey,17-Jun-2026,Jun-2026,YOMAXX ENTERPRISE,SO/038/26-27,1002/3332/2026-27,Dicam,USD,,,"13,676.00",0.30,30,Automobile,"45,587.00",7/31/2026,31-Jul-2026,,,Payment Processed,DBS,10-Aug-2026,,,,,,4,,48,
6/16/2026 11:08:26,16-Jun-2026,robin@sunshineltd.com,Robin,17-Jun-2026,Jun-2026,"DINGZHOU CITY RUILI NAILS PRODUCTS CO., LTD.",520/3118/2026-27,520/3118/2026-27,Lome,USD,,,"16,490.94",0.90,90,Hardware - Building Material,"18,305.49",6/30/2026,30-Jun-2026,,Balance payment,Payment Processed,DBS,10-Jul-2026,30-Jun-2026,,,#REF!,,0,,48,
6/16/2026 11:43:54,16-Jun-2026,joey@sunshineltd.com,Joey,17-Jun-2026,Jun-2026,"MITTO RUBBER TECHNOLOGY CO., LTD",MT260610-PO3290,520/3118+3290/2026-27,Lome,USD,,,"34,370.00",0.70,70,Automobile,"49,100.00",6/25/2026,25-Jun-2026,,Balance payment,Payment Processed,DBS,05-Jul-2026,30-Jun-2026,,,#REF!,,5,,48,
6/16/2026 16:37:14,16-Jun-2026,joey@sunshineltd.com,Joey,17-Jun-2026,Jun-2026,"GUANGDONG SWEET SIXTEEN FOODS CO., LTD",SW26061601,995/3325/2026-27,Lome,USD,,,"12,124.44",0.30,30,Food,"40,414.80",7/31/2026,31-Jul-2026,,,Payment Processed,CITI,10-Aug-2026,,,,,,4,,48,
6/17/2026 11:43:37,17-Jun-2026,robin@sunshineltd.com,Robin,23-Jun-2026,Jun-2026,"TIAN YOU XIN CHENG(HONG KONG) HOLDING CO., LIMITED",TY26060328,491/3098/2026-27,Cotonou,USD,,,"9,004.80",0.10,10,Hardware - Raw Material,"90,048.00",7/31/2026,31-Jul-2026,,,Payment Processed,DBS,10-Aug-2026,,,,,,4,,42,
6/17/2026 14:40:22,17-Jun-2026,shilpali@sunshineltd.com,Shilpali,17-Jun-2026,Jun-2026,Sierra Palm Ventures FZ-LLC,190/SV/2026,1012/6004/2026-27,Point Noire,USD,,,"514,485.00",1.00,100,Food,"514,485.00",7/15/2026,15-Jul-2026,,,Payment Processed,DBS,25-Jul-2026,,,10,,,20,,48,
6/17/2026 14:41:39,17-Jun-2026,shilpali@sunshineltd.com,Shilpali,18-Jun-2026,Jun-2026,Sierra Palm Product DMCC,1002/2026,1015/6004/2026-27,Point Noire,USD,,,"511,155.00",1.00,100,Food,"511,155.00",7/15/2026,15-Jul-2026,,,Payment Processed,DBS,25-Jul-2026,,,10,,,20,,47,
6/17/2026 21:24:42,17-Jun-2026,joey@sunshineltd.com,Joey,18-Jun-2026,Jun-2026,"ZHEJIANG DINGDIAN INDUSTRY CO., LTD",PO3323/2026-27,993/3323/2026-27,Lome,USD,,,"7,533.00",0.30,30,Food,"25,110.00",7/30/2026,30-Jul-2026,,,Payment Processed,CITI,09-Aug-2026,24-Jul-2026,,,#REF!,,-6,,47,
6/17/2026 21:25:42,17-Jun-2026,joey@sunshineltd.com,Joey,18-Jun-2026,Jun-2026,"ZHEJIANG DINGDIAN INDUSTRY CO., LTD",PO3324/2026-27,994/3324/2026-27,Lome,USD,,,"7,533.00",0.30,30,Food,"25,110.00",8/14/2026,14-Aug-2026,,,Payment Processed,CITI,24-Aug-2026,,,,,,,,47,
6/17/2026 21:27:09,17-Jun-2026,joey@sunshineltd.com,Joey,18-Jun-2026,Jun-2026,"ZHEJIANG DINGDIAN INDUSTRY CO., LTD",PO3326/2026-27,996/3326/2026-27,Cotonou,USD,,,"7,533.00",0.30,30,Food,"25,110.00",8/5/2026,05-Aug-2026,,,Payment Processed,CITI,15-Aug-2026,,,,,,,,47,
6/18/2026 11:05:46,18-Jun-2026,yogesh.tulsiani@sunshineltd.com,Yogesh.Tulsiani,18-Jun-2026,Jun-2026,"YIWU PAIER ELECTRIC APPLIANCE CO., LTD.",SOKANY,1019/3341/2026/27,Fizzen,RMB,,,"148,761.00",0.30,30,White Goods,"495,870.00",8/15/2026,15-Aug-2026,,,Payment Processed,CITI,25-Aug-2026,,,,,,,,47,
6/18/2026 13:55:27,18-Jun-2026,yogesh.tulsiani@sunshineltd.com,Yogesh.Tulsiani,18-Jun-2026,Jun-2026,MINGCAI NEW CENTURY (HK) CO. LIMITED.,PI-SSL260618H02,1021/3342/2026/27,Fizzen,USD,,,"55,604.00",0.20,20,White Goods,"278,019.00",8/15/2026,15-Aug-2026,,,Payment Processed,SCB,25-Aug-2026,,,,,,,,47,
6/18/2026 15:25:02,18-Jun-2026,yogesh.tulsiani@sunshineltd.com,Yogesh.Tulsiani,23-Jun-2026,Jun-2026,"ZHONGSHAN DOUBLE CROWN ELECTRICAL APPLIANCE CO., LTD",SGH202608021A,1018/3340/2026/27,Fizzen,USD,,,"1,705.60",0.10,10,White Goods,"17,056.00",7/31/2026,31-Jul-2026,,,Payment Processed,DBS,10-Aug-2026,,,,,,4,,42,
6/22/2026 12:24:40,22-Jun-2026,shilpali@sunshineltd.com,Shilpali,23-Jun-2026,Jun-2026,AEROSTAR HELMETS LIMITED,AERO/WAF-01/001/26-27,1032/5005/2026-27,Point Noire,USD,,,"23,151.24",1.00,100,Automobile,"23,151.24",6/30/2026,30-Jun-2026,,,Payment Processed,DBS,10-Jul-2026,27-Jul-2026,,,#REF!,,27,,42,
6/22/2026 18:39:26,22-Jun-2026,yogesh.tulsiani@sunshineltd.com,Yogesh.Tulsiani,23-Jun-2026,Jun-2026,"CIXI FEILONG INTERNATIONAL TRADING CO., LTD.",FLX2633060,1033/3355/2026/27,Lome,USD,,,"6,409.20",0.30,30,White Goods,"21,364.00",8/27/2026,27-Aug-2026,,,Payment Processed,CITI,06-Sep-2026,,,,,,,,42,
6/22/2026 18:41:04,22-Jun-2026,yogesh.tulsiani@sunshineltd.com,Yogesh.Tulsiani,23-Jun-2026,Jun-2026,"CIXI FEILONG INTERNATIONAL TRADING CO., LTD.",FLX2633061,1034/3354/2026/27,Lome,USD,,,"3,555.00",0.30,30,White Goods,"11,850.00",8/27/2026,27-Aug-2026,,,Payment Processed,CITI,06-Sep-2026,,,,,,,,42,
6/22/2026 18:48:00,22-Jun-2026,robin@sunshineltd.com,Robin,23-Jun-2026,Jun-2026,"SHIJIAZHUANG SUNSHINE IMP&EXP TRADE CO., LTD.",2026SS6065,1047/3356/2026-27,Mozambique,USD,,,"21,066.45",1.00,100,Hardware - Building Material,"21,066.45",4/29/2026,29-Apr-2026,,,Payment Processed,DBS,09-May-2026,29-Apr-2026,,,#REF!,,0,,42,
6/22/2026 18:49:50,22-Jun-2026,robin@sunshineltd.com,Robin,23-Jun-2026,Jun-2026,"SHIJIAZHUANG SUNSHINE IMP&EXP TRADE CO., LTD.",2026SS6023,1048/3357/2026-27,Mozambique,USD,,,"22,351.63",1.00,100,Hardware - Building Material,"22,351.63",5/17/2026,17-May-2026,,,Payment Processed,DBS,27-May-2026,17-May-2026,,,#REF!,,0,,42,
6/23/2026 10:46:51,23-Jun-2026,asta@sunshineltd.com,Asta,23-Jun-2026,Jun-2026,SEARA MEATS BV,123384,781/3229/2026-27,Point Noire,USD,,,"15,744.00",0.30,30,Frozen,"52,479.74",7/13/2026,13-Jul-2026,,,Payment Processed,DBS,23-Jul-2026,,,12,,,22,,42,
6/23/2026 10:59:18,23-Jun-2026,asta@sunshineltd.com,Asta,03-Jul-2026,Jul-2026,J. MARR (SEAFOODS) LIMITED,11743,1031/3350/2026-27,Point Noire,EUR,,,"10,584.00",0.10,10,Frozen,"105,840.00",7/6/2026,06-Jul-2026,,,Payment Processed,CITI,16-Jul-2026,24-Jul-2026,,,#REF!,,18,,32,
6/23/2026 11:37:04,23-Jun-2026,robin@sunshineltd.com,Robin,23-Jun-2026,Jun-2026,"JIANGSU NEW VICTOR INDUSTRIAL CO., LTD",AO(SUNSHINE)-20260615,1027/3352/2026-27,Fabfer,USD,,,700.00,1.00,100,Hardware - Building Material,700.00,6/30/2026,30-Jun-2026,,,Payment Processed,DBS,10-Jul-2026,,,25,,,35,,42,
6/23/2026 11:38:32,23-Jun-2026,robin@sunshineltd.com,Robin,23-Jun-2026,Jun-2026,"NANJING KERUN IMPORT & EXPORT TRADING CO., LTD.",KRET20260617801,1026/3351/2026-27,Fabfer,USD,,,"4,742.40",1.00,100,Hardware - Building Material,"4,742.40",7/4/2026,04-Jul-2026,,,Payment Processed,DBS,14-Jul-2026,,,21,,,31,,42,
6/23/2026 12:33:04,23-Jun-2026,joey@sunshineltd.com,Joey,24-Jun-2026,Jun-2026,"ANYCOLOR COMPUTER CONSUMABLES CO., LTD.",202605072,1016/3307+3335/2026-27,Conakry,USD,,,"11,830.85",1.00,100,OFFICE SUPPLY,"11,830.85",7/17/2026,17-Jul-2026,,,Payment Processed,CITI,27-Jul-2026,20-Jul-2026,,,#REF!,,3,,41,
6/23/2026 12:34:32,23-Jun-2026,joey@sunshineltd.com,Joey,25-Jun-2026,Jun-2026,MRF Limited,50202478,064/3295/2026-27,Dicam,USD,,,"44,206.00",0.99,99,Automobile,"44,878.00",7/23/2026,23-Jul-2026,,,Payment Processed,CITI,02-Aug-2026,,,2,,,12,,40,
6/23/2026 13:09:57,23-Jun-2026,joey@sunshineltd.com,Joey,24-Jun-2026,Jun-2026,"SHANGHAI BUTTERFLY IMP & EXP CO., LTD.",26YCa071,1017/3339/2026-27,Lome,USD,,,"16,752.00",0.30,30,White Goods,"55,840.00",7/17/2026,17-Jul-2026,,,Payment Processed,CITI,27-Jul-2026,29-Jul-2026,,,#REF!,,12,,41,
6/25/2026 11:25:05,25-Jun-2026,robin@sunshineltd.com,Robin,25-Jun-2026,Jun-2026,"CHANGZHOU YARMAX POWER CO.,LTD.",YM2606JU146,1074/3365/2026-27,Dicam,USD,,,"11,739.20",0.10,10,Hardware - Engine & Generator,"117,392.00",8/29/2026,29-Aug-2026,,,Payment Processed,CITI,08-Sep-2026,6-Aug-2026,,,#REF!,,,,40,
6/25/2026 16:52:26,25-Jun-2026,robin@sunshineltd.com,Robin,25-Jun-2026,Jun-2026,"TIAN YOU XIN CHENG(HONG KONG) HOLDING CO., LIMITED",TY26070334,1010/3337/2026-27,Cotonou,USD,,,"13,944.00",0.10,10,Hardware - Building Material,"139,440.00",8/8/2026,08-Aug-2026,,,Payment Processed,CITI,18-Aug-2026,,,,,,,,40,
6/25/2026 17:45:45,25-Jun-2026,joey@sunshineltd.com,Joey,25-Jun-2026,Jun-2026,"TIANJIN SHINHOO FOOD CO.,LTD.",SHFD260306,1072/3363/2026-27,Point Noire,USD,,,"1,546.75",0.10,10,Food,"15,467.52",7/15/2026,15-Jul-2026,,,Payment Processed,CITI,25-Jul-2026,,,10,,,20,,40,
6/26/2026 10:32:00,26-Jun-2026,shilpali@sunshineltd.com,Shilpali,29-Jun-2026,Jun-2026,VSK MOTORS AND TRADERS FZE,ORD0000027373,1078/5023/2026-27,Abidjan,USD,,,"105,462.00",1.00,100,Automobile,"105,462.00",7/4/2026,04-Jul-2026,,,Payment Processed,DBS,14-Jul-2026,,,21,,,31,,36,
6/26/2026 11:51:16,26-Jun-2026,joey@sunshineltd.com,Joey,02-Jul-2026,Jul-2026,"FAW TRUCKS INTERNATIONAL CO., LTD.",26FAWT0931,997/3327/2026-27,Conakry,USD,,,"283,440.00",0.20,20,Automobile,"1,417,200.00",7/31/2026,31-Jul-2026,,,Payment Processed,CITI,10-Aug-2026,,,,,,4,,33,
6/26/2026 11:52:30,26-Jun-2026,joey@sunshineltd.com,Joey,02-Jul-2026,Jul-2026,"FAW TRUCKS INTERNATIONAL CO., LTD.",26FAWT0931,998/3328/2026-27,Point Noire,USD,,,"35,430.00",0.20,20,Automobile,"177,150.00",7/31/2026,31-Jul-2026,,,Payment Processed,CITI,10-Aug-2026,,,,,,4,,33,
6/26/2026 11:54:56,26-Jun-2026,joey@sunshineltd.com,Joey,30-Jun-2026,Jun-2026,GREAT WALL MOTOR MIDDLE EAST FZE,GWMDSPD2606005SSP +  GWMDSPD2606006SSP + GWMDSPD2606007SSP ,943/3304/2026-27,Conakry,USD,,,"49,051.97",1.00,100,Automobile,"49,051.97",7/15/2026,15-Jul-2026,,,Payment Processed,DBS,25-Jul-2026,,,10,,,20,,35,
6/29/2026 11:11:35,29-Jun-2026,joey@sunshineltd.com,Joey,30-Jun-2026,Jun-2026,"BAODING GREAT WALL INTERNATIONAL TRADE CO., LTD.",GJIWA2604004P - B,216/2814B/2026-27,Conakry,USD,,,"561,080.00",0.50,50,Automobile,"1,122,160.00",6/8/2026,08-Jun-2026,,,Payment Processed,DBS,18-Jun-2026,,,47,,,57,,35,
7/2/2026 11:45:41,02-Jul-2026,shilpali@sunshineltd.com,Shilpali,02-Jul-2026,Jul-2026,TVS Srichakra Ltd,9191600400,873/5026/2026-27,Lome,USD,,,"14,812.00",0.70,70,Automobile,"21,160.00",6/22/2026,22-Jun-2026,,,Payment Processed,CITI ,02-Jul-2026,22-Jun-2026,,,#REF!,,0,,33,
7/2/2026 11:50:51,02-Jul-2026,joey@sunshineltd.com,Joey,02-Jul-2026,Jul-2026,"YANGZHOU CIMC TONGHUA SPECIAL VEHICLES CO., LTD.",SUNSHINE/THT/LXQ-2603,1068/3359/2026-27,Mali,USD,,,"8,100.00",0.15,15,Automobile,"54,000.00",7/30/2026,30-Jul-2026,,,Payment Processed,CITI,09-Aug-2026,,,,,,5,,33,
7/2/2026 14:44:54,02-Jul-2026,asta@sunshineltd.com,Asta,03-Jul-2026,Jul-2026,PELAGIC EXPORT,041EXP26,1152/3395/2026-27,Point Noire,EUR,,,"6,888.00",0.20,20,Frozen,"34,440.00",7/20/2026,20-Jul-2026,,,Payment Processed,CITI ,30-Jul-2026,9-Jul-2026,,,#REF!,,-11,,32,
7/2/2026 22:59:45,02-Jul-2026,joey@sunshineltd.com,Joey,03-Jul-2026,Jul-2026,"FOTON MOTOR INTERNATIONAL CO., LTD",FTCV26103010CG,331/3360A/2026-27,Point Noire,USD,,,"5,982.21",0.23,23,Automobile,"26,462.21",8/7/2026,07-Aug-2026,,,Payment Processed,SCB,17-Aug-2026,,,,,,,,32,
7/2/2026 23:01:20,02-Jul-2026,joey@sunshineltd.com,Joey,03-Jul-2026,Jul-2026,"FOTON MOTOR INTERNATIONAL CO., LTD",FTCV26103019CG,1069/3360B/2026-27,Point Noire,USD,,,"6,449.57",0.23,23,Automobile,"28,529.57",8/17/2026,17-Aug-2026,,,Payment Processed,SCB,27-Aug-2026,,,,,,,,32,
7/2/2026 23:03:09,02-Jul-2026,joey@sunshineltd.com,Joey,03-Jul-2026,Jul-2026,"SHANGHAI BUTTERFLY IMP & EXP CO., LTD.",26YCA084,1140/3380/2026-27,Cotonou,USD,,,"15,240.00",0.30,30,White Goods,"50,800.00",7/31/2026,31-Jul-2026,,,Payment Processed,CITI,10-Aug-2026,,,,,,4,,32,
7/2/2026 23:05:51,02-Jul-2026,joey@sunshineltd.com,Joey,03-Jul-2026,Jul-2026,"SHANGHAI BUTTERFLY IMP & EXP CO., LTD.",26YCA085,1141/3381/2026-27,Cotonou,USD,,,"15,240.00",0.30,30,White Goods,"50,800.00",8/21/2026,21-Aug-2026,,,Payment Processed,CITI,31-Aug-2026,,,,,,,,32,
7/2/2026 23:06:55,02-Jul-2026,joey@sunshineltd.com,Joey,03-Jul-2026,Jul-2026,"SHANGHAI BUTTERFLY IMP & EXP CO., LTD.",26YCA086,1142/3382/2026-27,Cotonou,USD,,,"15,240.00",0.30,30,White Goods,"50,800.00",9/12/2026,12-Sep-2026,,,Payment Processed,CITI,22-Sep-2026,,,,,,,,32,
7/2/2026 23:07:50,02-Jul-2026,joey@sunshineltd.com,Joey,03-Jul-2026,Jul-2026,"SHANGHAI BUTTERFLY IMP & EXP CO., LTD.",26YCA087,1143/3383/2026-27,Cotonou,USD,,,"15,240.00",0.30,30,White Goods,"50,800.00",9/25/2026,25-Sep-2026,,,Payment Processed,CITI,05-Oct-2026,,,,,,,,32,
7/3/2026 11:40:27,03-Jul-2026,robin@sunshineltd.com,Robin,07-Jul-2026,Jul-2026,WUXI SHENDA NAIL MACHINERY FACTORY,WXSD20260630-2,1156/3387/2026-27,Fabfer,USD,,,"5,256.00",0.30,30,Hardware - Building Material,"17,520.00",7/31/2026,31-Jul-2026,,,Payment Processed,CITI,10-Aug-2026,,,,,,4,,28,
7/3/2026 11:41:48,03-Jul-2026,robin@sunshineltd.com,Robin,07-Jul-2026,Jul-2026,WUXI SHENDA NAIL MACHINERY FACTORY,WXSD20260630-1,1155/3386/2026-27,Fronext,USD,,,"12,000.00",1.00,100,Hardware - Building Material,"12,000.00",7/31/2026,31-Jul-2026,,,Payment Processed,CITI,10-Aug-2026,,,,,,4,,28,
7/3/2026 11:45:40,03-Jul-2026,robin@sunshineltd.com,Robin,07-Jul-2026,Jul-2026,"WEIFANG JINQUAN WOOD CO., LTD,",WL1141-1,1159/3390/2026-27,Fronext,USD,,,"3,950.00",0.10,10,Hardware - Building Material,"39,460.00",7/31/2026,31-Jul-2026,,,Payment Processed,CITI,10-Aug-2026,,,,,,4,,28,
7/3/2026 11:46:30,03-Jul-2026,robin@sunshineltd.com,Robin,07-Jul-2026,Jul-2026,"WEIFANG JINQUAN WOOD CO., LTD,",WL1141-2,1160/3398/2026-27,Fronext,USD,,,"3,950.00",0.10,10,Hardware - Building Material,"39,460.00",8/31/2026,31-Aug-2026,,,Payment Processed,CITI,10-Sep-2026,,,,,,,,28,
7/3/2026 11:53:20,03-Jul-2026,robin@sunshineltd.com,Robin,07-Jul-2026,Jul-2026,SHIJIAZHUANG SHIQIAO ELECTRIC WELDING MATERIAL CO. LTD.,W230828-23,1162/3399/2026-27,Cotonou,USD,,,"16,737.50",1.00,100,Hardware - Building Material,"16,737.50",7/31/2026,31-Jul-2026,,,Payment Processed,CITI,10-Aug-2026,,,,,,4,,28,
7/3/2026 12:29:12,03-Jul-2026,robin@sunshineltd.com,Robin,07-Jul-2026,Jul-2026,"JIANGSU NEW VICTOR INDUSTRIAL CO., LTD",AO(SUNSHINE)-20260625,1157/3388/2026-27,Fabfer,USD,,,"3,390.00",1.00,100,Hardware - Building Material,"3,390.00",7/31/2026,31-Jul-2026,,,Payment Processed,CITI,10-Aug-2026,,,,,,4,,28,
7/3/2026 18:29:06,03-Jul-2026,joey@sunshineltd.com,Joey,07-Jul-2026,Jul-2026,"FAW TRUCKS INTERNATIONAL CO., LTD.",26FAWT0980,1067/3358/2026-27,Mali,USD,,,"28,917.60",0.20,20,Automobile,"144,588.00",8/3/2026,03-Aug-2026,,,Payment Processed,CITI,13-Aug-2026,,,,,,1,,28,
7/6/2026 11:51:51,06-Jul-2026,robin@sunshineltd.com,Robin,07-Jul-2026,Jul-2026,"HEBEI YAWO MACHINERY MANUFACTURING CO., LTD",YW20260630,1154/3385/2026-27,Fabfer,USD,,,"6,570.00",0.30,30,Machinary,"21,900.00",8/31/2026,31-Aug-2026,,,Payment Processed,CITI,10-Sep-2026,,,,,,,,28,
7/7/2026 11:12:32,07-Jul-2026,yogesh.tulsiani@sunshineltd.com,Yogesh.Tulsiani,07-Jul-2026,Jul-2026,"QINGDAO AUCMA IMP. & EXP. CO., LTD.",LZSUNSHINE260612,1196/3431-2026-27,Lome,USD,,,"1,409.40",0.30,30,White Goods,"4,698.00",8/31/2026,31-Aug-2026,,,Payment Processed,CITI,10-Sep-2026,,,,,,,,28,
7/7/2026 11:13:58,07-Jul-2026,yogesh.tulsiani@sunshineltd.com,Yogesh.Tulsiani,07-Jul-2026,Jul-2026,"NINGBO HANDIAN TRADING CO., LTD.",MB2639,1195/3430-2026-27,Lome,USD,,,"1,518.00",0.30,30,White Goods,"5,060.00",8/31/2026,31-Aug-2026,,,Payment Processed,CITI,10-Sep-2026,,,,,,,,28,
7/7/2026 12:13:06,07-Jul-2026,robin@sunshineltd.com,Robin,09-Jul-2026,Jul-2026,"QINGDAO TRI-LINK LOCK GROUP CO., LTD.",26TL13277K,1179/3414/2026-27,Fronext,USD,,,"8,568.00",0.20,20,Hardware - Building Material,"42,840.00",9/19/2026,19-Sep-2026,,,Payment Processed,DBS,29-Sep-2026,,,,,,,,26,
7/7/2026 12:15:56,07-Jul-2026,robin@sunshineltd.com,Robin,09-Jul-2026,Jul-2026,"GUANGDONG OASIS CHEMCIAL CO., LTD.",A001JUL0626,1178/3413/2026-27,Fronext,USD,,,"12,065.76",0.30,30,Hardware - Building Material,"40,219.20",8/31/2026,31-Aug-2026,,,Payment Processed,DBS,10-Sep-2026,,,,,,,,26,
7/7/2026 12:17:26,07-Jul-2026,robin@sunshineltd.com,Robin,09-Jul-2026,Jul-2026,"DINGZHOU CITY RUILI NAILS PRODUCTS CO., LTD.",JTMWR20260706A,1174/3404/2026-27,Cotonou,USD,,,"3,452.80",0.10,10,Hardware - Building Material,"34,528.03",8/31/2026,31-Aug-2026,,,Payment Processed,CITI,10-Sep-2026,,,,,,,,26,
7/7/2026 12:19:43,07-Jul-2026,robin@sunshineltd.com,Robin,09-Jul-2026,Jul-2026,"DINGZHOU CITY RUILI NAILS PRODUCTS CO., LTD.",JTMWR20260706,1173/3403/2026-27,Cotonou,USD,,,"3,361.68",0.10,10,Hardware - Building Material,"33,616.80",8/31/2026,31-Aug-2026,,,Payment Processed,CITI,10-Sep-2026,,,,,,,,26,
7/7/2026 12:21:17,07-Jul-2026,robin@sunshineltd.com,Robin,09-Jul-2026,Jul-2026,"QINGDAO AIERSANG INTERNATIONAL TRADE CO., LTD.",26YK1297,1186/3421/2026-27,Fronext,USD,,,"2,004.60",0.10,10,Hardware - Building Material,"20,046.00",8/31/2026,31-Aug-2026,,,Payment Processed,DBS,10-Sep-2026,,,,,,,,26,
7/7/2026 12:22:50,07-Jul-2026,robin@sunshineltd.com,Robin,09-Jul-2026,Jul-2026,"QINGDAO NASCENT SPECIAL HAND TRUCK CO., LTD.",PI20260706,1181/3416/2026-27,Fronext,USD,,,"2,568.80",0.10,10,Hardware - Building Material,"25,688.00",8/31/2026,31-Aug-2026,,,Payment Processed,DBS,10-Sep-2026,,,,,,,,26,
7/7/2026 12:24:40,07-Jul-2026,robin@sunshineltd.com,Robin,09-Jul-2026,Jul-2026,"CHANGZHOU YARMAX POWER CO.,LTD.",YM2607JU156,1185/3420/2026-27,Fronext,USD,,,"20,280.80",0.10,10,Hardware - Building Material,"202,808.00",8/31/2026,31-Aug-2026,,,Payment Processed,DBS,10-Sep-2026,,,,,,,,26,
7/7/2026 17:10:31,07-Jul-2026,joey@sunshineltd.com,Joey,09-Jul-2026,Jul-2026,"HENAN TIANCHENG METAL MATERIAL CO., LTD.",TCR26070702,1191/3426/2026-27,Brazzavile,USD,,,"11,340.00",0.15,15,Sundry,"75,600.00",9/15/2026,15-Sep-2026,,,Payment Processed,CITI,25-Sep-2026,,,,,,,,26,
7/7/2026 19:42:13,07-Jul-2026,joey@sunshineltd.com,Joey,09-Jul-2026,Jul-2026,"GUANGDONG SWEET SIXTEEN FOODS CO., LTD",SW26070704,1194/3429/2026-27,Cotonou,USD,,,"11,902.50",0.30,30,Food,"39,675.00",8/17/2026,17-Aug-2026,,,Payment Processed,CITI,27-Aug-2026,,,,,,,,26,
7/7/2026 20:00:46,07-Jul-2026,joey@sunshineltd.com,Joey,09-Jul-2026,Jul-2026,GUANGZHOU HAOJIN MOTORCYCLE COMPANY LTD.,HJ-PN-175(PO3423),1188/3423/2026-27,Point Noire,USD,,,"10,000.00",0.19,19,Automobile,"51,409.13",8/20/2026,20-Aug-2026,,,Payment Processed,DBS,30-Aug-2026,,,,,,,,26,
7/7/2026 20:03:10,07-Jul-2026,joey@sunshineltd.com,Joey,09-Jul-2026,Jul-2026,GUANGZHOU HAOJIN MOTORCYCLE COMPANY LTD.,HJ-PN-174(PO3422),1187/3422/2026-27,Point Noire,USD,,,"40,000.00",0.20,20,Automobile,"204,210.00",8/6/2026,06-Aug-2026,,,Payment Processed,DBS,16-Aug-2026,,,,,,,,26,
7/7/2026 20:05:14,07-Jul-2026,joey@sunshineltd.com,Joey,09-Jul-2026,Jul-2026,GUANGZHOU HAOJIN MOTORCYCLE COMPANY LTD.,HJ-PN-173(PO3379),852/3254+3379/2026-27,Point Noire,USD,,,"10,000.00",0.52,52,Automobile,"19,125.00",8/13/2026,13-Aug-2026,,,Payment Processed,DBS,23-Aug-2026,,,,,,,,26,
7/7/2026 20:06:49,07-Jul-2026,joey@sunshineltd.com,Joey,09-Jul-2026,Jul-2026,GUANGZHOU HAOJIN MOTORCYCLE COMPANY LTD.,HJ-PN-176(PO3424),1189/3424/2026-27,Point Noire,USD,,,"40,000.00",0.20,20,Automobile,"197,660.00",8/27/2026,27-Aug-2026,,,Payment Processed,DBS,06-Sep-2026,,,,,,,,26,
7/8/2026 10:42:19,08-Jul-2026,ulrica@sunshineltd.com,Ulrica,09-Jul-2026,Jul-2026,HITARGET HONG KONG LIMITED,7298,295/7298/2026-27,NARESH BURKINA FASO,USD,,,"20,000.00",0.17,17,Textile,"114,600.00",9/25/2026,25-Sep-2026,,pay before 15 jul 2026,Payment Processed,CITI,05-Oct-2026,,,,,,,,26,
7/8/2026 11:13:48,08-Jul-2026,yogesh.tulsiani@sunshineltd.com,Yogesh.Tulsiani,09-Jul-2026,Jul-2026,"NINGBO HAILANG ELECTRIC APPLIANCE CO., LTD.",HL20260708S1,1198/3232/2026/27,Lome,USD,,,"1,762.50",0.10,10,White Goods,"17,625.00",9/15/2026,15-Sep-2026,,,Payment Processed,CITI,25-Sep-2026,,,,,,,,26,
7/8/2026 15:22:42,08-Jul-2026,asta@sunshineltd.com,Asta,09-Jul-2026,Jul-2026,OFFAL EXP S.A.,2600028201,1171/3411/2026-27,Point Noire,USD,,,"17,928.00",0.40,40,Frozen,"44,820.00",8/5/2026,05-Aug-2026,,,Payment Processed,DBS,15-Aug-2026,,,,,,,,26,
7/9/2026 10:31:28,09-Jul-2026,ulrica@sunshineltd.com,Ulrica,09-Jul-2026,Jul-2026,HITARGET HONG KONG LIMITED,7186,008/7186/2026-27,NARESH BURKINA FASO,USD,,,"87,906.00",0.74,74,Textile,"118,200.00",7/17/2026,17-Jul-2026,,,Payment Processed,CITI,27-Jul-2026,24-Jul-2026,,,#REF!,,7,,26,
7/9/2026 10:32:22,09-Jul-2026,ulrica@sunshineltd.com,Ulrica,09-Jul-2026,Jul-2026,HITARGET HONG KONG LIMITED,7296,293/7296/2026-27,NARESH BURKINA FASO,USD,,,"88,200.00",0.75,75,Textile,"118,200.00",7/31/2026,31-Jul-2026,,,Payment Processed,CITI,10-Aug-2026,,,,,,4,,26,
7/9/2026 11:05:51,09-Jul-2026,ulrica@sunshineltd.com,Ulrica,09-Jul-2026,Jul-2026,TONGXIANG GOETHE TEXTILE CO LTD.,7356,846/7356/2026-27,Cabinda,USD,,,"5,000.00",0.34,34,Textile,"14,652.00",7/30/2026,30-Jul-2026,,,Payment Processed,CITI,09-Aug-2026,,,,,,5,,26,
7/9/2026 11:07:31,09-Jul-2026,ulrica@sunshineltd.com,Ulrica,09-Jul-2026,Jul-2026,TONGXIANG GOETHE TEXTILE CO LTD.,7346,854/7346/2026-27,Cabinda,USD,,,"5,000.00",0.39,39,Textile,"12,760.20",7/30/2026,30-Jul-2026,,,Payment Processed,CITI,09-Aug-2026,,,,,,5,,26,
7/9/2026 19:09:15,09-Jul-2026,joey@sunshineltd.com,Joey,10-Jul-2026,Jul-2026,COVI S.A.S.,20260707A,1193/3428/2026-27,Brazzavile,EUR,,,"17,379.00",0.30,30,Food,"57,932.60",8/7/2026,07-Aug-2026,,,Payment Processed,DBS,17-Aug-2026,,,,,,,,25,
7/9/2026 20:04:18,09-Jul-2026,joey@sunshineltd.com,Joey,10-Jul-2026,Jul-2026,SHIJIAZHUANG ZHONGYA CANDLE CO LTD.,ZY20260709-1,1070/3361/2026-27,SKTN,USD,,,"13,200.00",0.20,20,Sundry,"66,000.00",8/31/2026,31-Aug-2026,,,Payment Processed,CITI ,10-Sep-2026,,,,,,,,25,
7/9/2026 20:06:25,09-Jul-2026,joey@sunshineltd.com,Joey,10-Jul-2026,Jul-2026,SHIJIAZHUANG ZHONGYA CANDLE CO LTD.,ZY260709-2,1071/3362/2026-27,SKTN,USD,,,"6,600.00",0.20,20,Sundry,"33,000.00",9/30/2026,30-Sep-2026,,,Payment Processed,CITI,10-Oct-2026,,,,,,,,25,
7/9/2026 20:07:37,09-Jul-2026,joey@sunshineltd.com,Joey,10-Jul-2026,Jul-2026,SHIJIAZHUANG ZHONGYA CANDLE CO LTD.,ZY260709-3,1242/3450/2026-27,SKTN,USD,,,"6,600.00",0.20,20,Sundry,"33,000.00",9/30/2026,30-Sep-2026,,,Payment Processed,CITI,10-Oct-2026,,,,,,,,25,
7/10/2026 11:12:17,10-Jul-2026,robin@sunshineltd.com,Robin,10-Jul-2026,Jul-2026,"DINGZHOU CITY RUILI NAILS PRODUCTS CO., LTD.",JTMWR20260331C,193/2801/2026-27,Mali,USD,,,"59,742.62",0.91,91,Hardware - Building Material,"65,899.25",7/18/2026,18-Jul-2026,,BALANCE,Payment Processed,CITI,28-Jul-2026,,,7,,,17,,25,
7/10/2026 12:24:10,10-Jul-2026,robin@sunshineltd.com,Robin,10-Jul-2026,Jul-2026,TANGSHAN SANFA HARDWARE FACTORY,TSSF26048,1182/3417/2026-27,Cotonou,USD,,,"2,857.08",0.10,10,Hardware - Building Material,"28,570.80",8/31/2026,31-Aug-2026,,,Payment Processed,CITI,10-Sep-2026,,,,,,,,25,
7/10/2026 12:56:25,10-Jul-2026,joey@sunshineltd.com,Joey,13-Jul-2026,Jul-2026,"GUANGZHOU TIANMA GROUP TIANMA MOTORCYCLE CO., LTD.",HAX-039,1192/3427/2026-27,"CHEICKNE SANOGO, BAMAKO MALI",USD,,,"43,935.00",0.50,50,Automobile,"87,870.00",10/10/2026,10-Oct-2026,,,Payment Processed,CITI,20-Oct-2026,,,,,,,,22,
7/10/2026 12:59:04,10-Jul-2026,joey@sunshineltd.com,Joey,13-Jul-2026,Jul-2026,"SICHUAN PROVINCE HUIQUAN CANNED FOOD CO., LTD",20260707 PO3425,1242/3450/2026-27,Brazzavile,USD,,,"3,822.50",0.10,10,Food,"38,225.60",7/31/2026,31-Jul-2026,,correct Invoice no. 1190/3425/2026-27,Payment Processed,CITI,10-Aug-2026,,,,,,4,,22,
7/10/2026 15:29:11,10-Jul-2026,joey@sunshineltd.com,Joey,13-Jul-2026,Jul-2026,KENZOL MULTI INDUSTRIES FZC,EST-001667,1251/3460/2026-27,Dicam,USD,,,"46,169.00",0.14,14,Automobile,"318,845.00",8/10/2026,10-Aug-2026,,,Payment Processed,CITI,20-Aug-2026,,,,,,,,22,
7/10/2026 15:30:22,10-Jul-2026,joey@sunshineltd.com,Joey,13-Jul-2026,Jul-2026,YOMAXX ENTERPRISE,SO/044/26-27,1252/3461/2026-27,Dicam,USD,,,"25,846.00",0.30,30,Automobile,"86,156.00",8/10/2026,10-Aug-2026,,,Payment Processed,CITI,20-Aug-2026,,,,,,,,22,
7/10/2026 15:31:47,10-Jul-2026,joey@sunshineltd.com,Joey,13-Jul-2026,Jul-2026,YOMAXX ENTERPRISE,SO/040/26-27,1253/3462/2025-26,Dicam,USD,,,"96,316.00",0.30,30,Automobile,"321,055.04",8/10/2026,10-Aug-2026,,,Payment Processed,CITI,20-Aug-2026,,,,,,,,22,
7/10/2026 16:52:15,10-Jul-2026,robin@sunshineltd.com,Robin,13-Jul-2026,Jul-2026,TIANJIN GOLDEN BRIDGE WELDING MATERIALS GROUP,TJG26-1401,1247/3456/2026-27,Fronext,USD,,,"14,400.00",1.00,100,Hardware - Building Material,"14,400.00",8/22/2026,22-Aug-2026,,,Payment Processed,CITI,01-Sep-2026,,,,,,,,22,
7/10/2026 19:09:43,10-Jul-2026,robin@sunshineltd.com,Robin,13-Jul-2026,Jul-2026,YIWU ZHONGYONG TRADING COMPNAY,ZY0014,1244/3454/2026-27,Fronext,RMB,,,"40,413.60",0.30,30,Hardware - Building Material,"134,712.00",8/31/2026,31-Aug-2026,,,Payment Processed,CITI,10-Sep-2026,,,,,,,,22,
7/10/2026 19:10:45,10-Jul-2026,robin@sunshineltd.com,Robin,13-Jul-2026,Jul-2026,YIWU ZHONGYONG TRADING COMPNAY,ZY0013,1245/3455/2026-27,Fronext,RMB,,,"27,504.00",0.30,30,Hardware - Building Material,"91,680.00",8/31/2026,31-Aug-2026,,,Payment Processed,CITI,10-Sep-2026,,,,,,,,22,
7/13/2026 11:50:01,13-Jul-2026,asta@sunshineltd.com,Asta,15-Jul-2026,Jul-2026,J. MARR (COMMODITIES) LIMITED,11883,1203/3437/2026-27,Point Noire,EUR,,,"8,721.00",0.10,10,Frozen,"87,210.00",7/27/2026,27-Jul-2026,,,Payment Processed,CITI,06-Aug-2026,,,,,,8,,20,
7/13/2026 11:52:08,13-Jul-2026,asta@sunshineltd.com,Asta,15-Jul-2026,Jul-2026,J. MARR (COMMODITIES) LIMITED,11887,1249/3458/2026-27,Point Noire,EUR,,,"13,081.50",0.10,10,Frozen,"130,815.00",8/3/2026,03-Aug-2026,,,Payment Processed,CITI,13-Aug-2026,,,,,,1,,20,
7/13/2026 11:54:09,13-Jul-2026,asta@sunshineltd.com,Asta,15-Jul-2026,Jul-2026,J. MARR (SEAFOODS) LIMITED,11909,1240/3448/2026-27,Point Noire,EUR,,,"4,004.00",0.10,10,Frozen,"40,040.00",7/27/2026,27-Jul-2026,,,Payment Processed,CITI,06-Aug-2026,,,,,,8,,20,
7/13/2026 11:56:56,13-Jul-2026,asta@sunshineltd.com,Asta,14-Jul-2026,Jul-2026,"XING WAN YANG INTERNATIONAL TRADE CO., LIMITED",XWY-26CN1051-1,1234/3442/2026-27,Point Noire,USD,,,"15,900.00",0.30,30,Frozen,"53,000.00",8/10/2026,10-Aug-2026,,,Payment Processed,CITI,20-Aug-2026,,,,,,,,21,
7/13/2026 12:00:15,13-Jul-2026,asta@sunshineltd.com,Asta,14-Jul-2026,Jul-2026,"XING WAN YANG INTERNATIONAL TRADE CO., LIMITED",XWY-26CN1051-2,1235/3443/2026-27,Point Noire,USD,,,"23,293.50",0.30,30,Frozen,"77,645.00",8/17/2026,17-Aug-2026,,,Payment Processed,CITI,27-Aug-2026,,,,,,,,21,
7/13/2026 12:01:52,13-Jul-2026,asta@sunshineltd.com,Asta,14-Jul-2026,Jul-2026,"XING WAN YANG INTERNATIONAL TRADE CO., LIMITED",XWY-26VN1052,1236/3444/2026-27,Point Noire,USD,,,"6,786.00",0.30,30,Frozen,"22,620.00",8/3/2026,03-Aug-2026,,,Payment Processed,CITI,13-Aug-2026,,,,,,1,,21,
7/13/2026 12:49:44,13-Jul-2026,yogesh.tulsiani@sunshineltd.com,Yogesh.Tulsiani,13-Jul-2026,Jul-2026,"NINGBO HANDIAN TRADING CO., LTD.",MB42891,505/3108/2026/27,Lome,USD,,,"11,005.00",0.70,70,White Goods,"15,691.00",7/14/2026,14-Jul-2026,,,Payment Processed,CITI,24-Jul-2026,24-Jul-2026,,,#REF!,,10,,22,
7/13/2026 13:00:23,13-Jul-2026,robin@sunshineltd.com,Robin,14-Jul-2026,Jul-2026,"SHIJIAZHUANG SUNSHINE IMP&EXP TRADE CO., LTD.",2026SS6064,1243/3453/2026-27,Mozambique,USD,,,"21,700.00",1.00,100,Hardware - Building Material,"21,700.00",5/20/2026,20-May-2026,,,Payment Processed,CITI,30-May-2026,20-May-2026,,,#REF!,,0,,21,
7/13/2026 13:02:22,13-Jul-2026,robin@sunshineltd.com,Robin,14-Jul-2026,Jul-2026,"SHIJIAZHUANG SUNSHINE IMP&EXP TRADE CO., LTD.",2026SS6063,1204/3438/2026-27,Mozambique,USD,,,"21,700.00",1.00,100,Hardware - Building Material,"21,700.00",5/18/2026,18-May-2026,,,Payment Processed,CITI,28-May-2026,18-May-2026,,,#REF!,,0,,21,
7/13/2026 13:04:27,13-Jul-2026,robin@sunshineltd.com,Robin,15-Jul-2026,Jul-2026,"SHIJIAZHUANG SUNSHINE IMP&EXP TRADE CO., LTD.",2026SS6059&6060,1266/3473/2026-27,Mozambique,USD,,,"44,319.40",1.00,100,Hardware - Building Material,"44,319.40",6/26/2026,26-Jun-2026,,,Payment Processed,CITI,06-Jul-2026,26-Jun-2026,,,#REF!,,0,,20,
7/13/2026 17:37:41,13-Jul-2026,robin@sunshineltd.com,Robin,15-Jul-2026,Jul-2026,"SHIJIAZHUANG SUNSHINE IMP&EXP TRADE CO., LTD.",2026SS6051&6052,1271/3476/2026-27,Mozambique,USD,,,"43,867.75",1.00,100,Hardware - Building Material,"43,867.75",7/7/2026,07-Jul-2026,,,Payment Processed,CITI,17-Jul-2026,7-Jul-2026,,,#REF!,,0,,20,
7/14/2026 0:12:47,14-Jul-2026,joey@sunshineltd.com,Joey,15-Jul-2026,Jul-2026,YOMAXX ENTERPRISE,EXP/032/26-27,408/3477/2026-27,Cotonou,USD,,,"27,205.47",1.00,100,Hardware - Building Material,"27,205.47",6/15/2026,15-Jun-2026,,,Payment Processed,CITI,25-Jun-2026,16-Jun-2026,,,#REF!,,1,,20,
7/14/2026 12:26:37,14-Jul-2026,robin@sunshineltd.com,Robin,15-Jul-2026,Jul-2026,"SHANDONG JULONG STEEL PLATE CO., LTD",JLGD260711038-FE,1265/3472/2026-27,Fabfer,USD,,,"4,859.25",0.01,1,Hardware - Raw Material,"485,925.00",7/31/2026,31-Jul-2026,Cancelled,Wrong deposit amount,Canceled by Merchandiser,,10-Aug-2026,,,,,,4,,20,
7/14/2026 12:28:42,14-Jul-2026,robin@sunshineltd.com,Robin,15-Jul-2026,Jul-2026,"SHANDONG JULONG STEEL PLATE CO., LTD",JLGD260711038-FE,1265/3472/2026-27,Fabfer,USD,,,"48,592.50",0.10,10,Hardware - Raw Material,"485,925.00",7/31/2026,31-Jul-2026,,,Payment Processed,CITI,10-Aug-2026,,,,,,4,,20,
7/14/2026 17:02:56,14-Jul-2026,joey@sunshineltd.com,Joey,15-Jul-2026,Jul-2026,"MITTO RUBBER TECHNOLOGY CO., LTD",MT260713-PO3396,1255/3101+3396/2026-27,NARESH BURKINA FASO,USD,,,"40,580.00",1.00,100,Automobile,"40,580.00",7/23/2026,23-Jul-2026,,"ARRANGED BOOKING ON 23 JUL 2026, NEED TO PAY BEFORE LOADING",Payment Processed,CITI,02-Aug-2026,,,2,,,12,,20,
7/14/2026 17:04:45,14-Jul-2026,joey@sunshineltd.com,Joey,15-Jul-2026,Jul-2026,"MITTO RUBBER TECHNOLOGY CO., LTD",MT260713-SUN0010,1256/3101+3397/2026-27,NARESH BURKINA FASO,USD,,,"12,174.00",0.30,30,Automobile,"40,580.00",8/15/2026,15-Aug-2026,,,Payment Processed,CITI,25-Aug-2026,,,,,,,,20,
7/15/2026 11:27:03,15-Jul-2026,robin@sunshineltd.com,Robin,15-Jul-2026,Jul-2026,"DINGZHOU CITY RUILI NAILS PRODUCTS CO., LTD.",JTMWR20260331B,191/2799/2026-27,Mali,USD,,,319.00,0.03,3,Hardware - Building Material,"9,647.13",7/25/2026,25-Jul-2026,,BALANCE PAYMENT,Payment Processed,CITI,04-Aug-2026,3-Jul-2026,,,#REF!,,-22,,20,
7/15/2026 11:34:52,15-Jul-2026,robin@sunshineltd.com,Robin,15-Jul-2026,Jul-2026,"DINGZHOU CITY RUILI NAILS PRODUCTS CO., LTD.",JTMWR20260331C,193/2801/2026-27,Mali,USD,,,813.00,0.01,1,Hardware - Building Material,"66,712.25",8/1/2026,01-Aug-2026,,BALANCE PAYMENT,Payment Processed,CITI,11-Aug-2026,,,,,,3,,20,
7/15/2026 11:38:22,15-Jul-2026,robin@sunshineltd.com,Robin,16-Jul-2026,Jul-2026,"SHANGDONG TANGUO INTERNATIONAL TRADE CO., LTD",TMLL20260703,1286/3478/2026-27,NARESH BURKINA FASO,USD,,,"10,592.25",0.30,30,Hardware - Building Material,"35,307.50",8/15/2026,15-Aug-2026,,,Payment Processed,CITI,25-Aug-2026,,,,,,,,19,
7/15/2026 11:39:44,15-Jul-2026,robin@sunshineltd.com,Robin,16-Jul-2026,Jul-2026,"SHANGDONG TANGUO INTERNATIONAL TRADE CO., LTD",TMLL20260704,1287/3479/2026-27,NARESH BURKINA FASO,USD,,,"10,592.25",0.30,30,Hardware - Building Material,"35,307.50",8/31/2026,31-Aug-2026,,,Payment Processed,CITI,10-Sep-2026,,,,,,,,19,
7/15/2026 11:45:07,15-Jul-2026,robin@sunshineltd.com,Robin,,Dec-1899,"JIANGSU NEW VICTOR INDUSTRIAL CO., LTD",AO(SUNSHINE)20260625,1157/3388/2026-27,Fabfer,USD,,,425.00,0.09,9,Hardware - Building Material,"4,515.00",7/25/2026,25-Jul-2026,,Adding new item,Payment Processed,,04-Aug-2026,,,,,,10,,46238,
7/15/2026 11:48:23,15-Jul-2026,robin@sunshineltd.com,Robin,16-Jul-2026,Jul-2026,WUXI SHENDA NAIL MACHINERY FACTORY,WXSD20260630-1,1155/3386/2026-27,Fabfer,USD,,,657.00,0.05,5,Hardware - Building Material,"12,657.00",7/25/2026,25-Jul-2026,,Adding new item,Payment Processed,CITI,04-Aug-2026,,,,,,10,,19,
7/15/2026 12:02:59,15-Jul-2026,robin@sunshineltd.com,Robin,16-Jul-2026,Jul-2026,SHIJIAZHUANG SHIQIAO ELECTRIC WELDING MATERIAL CO. LTD.,W230828-24,1294/3486/2026-27,Lome,USD,,,"15,965.00",1.00,100,Hardware - Building Material,"15,965.00",8/15/2026,15-Aug-2026,,,Payment Processed,CITI,25-Aug-2026,,,,,,,,19,
7/15/2026 12:25:45,15-Jul-2026,robin@sunshineltd.com,Robin,16-Jul-2026,Jul-2026,SHIJIAZHUANG SHIQIAO ELECTRIC WELDING MATERIAL CO. LTD.,W230828-25,1295/3487/2026-27,NARESH BURKINA FASO,USD,,,"16,775.00",1.00,100,Hardware - Building Material,"16,775.00",8/31/2026,31-Aug-2026,,,Payment Processed,CITI,10-Sep-2026,,,,,,,,19,
7/15/2026 13:12:26,15-Jul-2026,asta@sunshineltd.com,Asta,16-Jul-2026,Jul-2026,SHIVATRADE IMPEX PRIVATE LIMITED,STIPL/P10379/2025-26,1300/3492/2026-27,Cotonou,USD,,,"45,944.50",1.00,100,Garments,"45,944.50",8/28/2026,28-Aug-2026,,,Payment Processed,CITI,07-Sep-2026,,,,,,,,19,
7/15/2026 14:26:14,15-Jul-2026,yogesh.tulsiani@sunshineltd.com,Yogesh.Tulsiani,16-Jul-2026,Jul-2026,"ZHONGSHAN GENSUN ELECTRICAL APPLIANCE CO., LTD",SAPI07142026,1290/3481/2026/27,Fizzen,USD,,,"10,000.00",0.10,10,White Goods,"101,400.00",10/14/2026,14-Oct-2026,,,Payment Processed,CITI,24-Oct-2026,,,,,,,,19,
7/15/2026 20:01:38,15-Jul-2026,robin@sunshineltd.com,Robin,16-Jul-2026,Jul-2026,"DINGZHOU CITY RUILI NAILS PRODUCTS CO., LTD.",JTMWR20260715B,1304/3494/2026-27,NARESH BURKINA FASO,USD,,,"1,722.00",0.10,10,Hardware - Building Material,"17,220.00",8/22/2026,22-Aug-2026,,,Payment Processed,CITI,01-Sep-2026,,,,,,,,19,
7/15/2026 20:03:57,15-Jul-2026,robin@sunshineltd.com,Robin,16-Jul-2026,Jul-2026,"DINGZHOU CITY RUILI NAILS PRODUCTS CO., LTD.",JTMWR20260715A,1303/3493/2026-27,Lome,USD,,,"1,870.39",0.10,10,Hardware - Building Material,"18,703.90",8/22/2026,22-Aug-2026,,,Payment Processed,CITI,01-Sep-2026,,,,,,,,19,
7/15/2026 20:05:46,15-Jul-2026,robin@sunshineltd.com,Robin,16-Jul-2026,Jul-2026,"QINGDAO AIERSANG INTERNATIONAL TRADE CO., LTD.",26YK1302,1298/3490/2026-27,Lome,USD,,,"2,349.75",0.10,10,Hardware - Building Material,"23,497.50",8/29/2026,29-Aug-2026,,,Payment Processed,CITI,08-Sep-2026,,,,,,,,19,
7/16/2026 11:37:12,16-Jul-2026,robin@sunshineltd.com,Robin,16-Jul-2026,Jul-2026,"TIAN YOU XIN CHENG(HONG KONG) HOLDING CO., LIMITED",TY26070382,1311/3497/2026-27,Lome,USD,,,"3,987.20",0.10,10,Hardware - Building Material,"39,872.00",8/31/2026,31-Aug-2026,,,Payment Processed,CITI,10-Sep-2026,,,,,,,,19,
7/16/2026 16:55:06,16-Jul-2026,yogesh.tulsiani@sunshineltd.com,Yogesh.Tulsiani,17-Jul-2026,Jul-2026,"ZHEJIANG XINGXING REFRIGERATION CO., LTD.",SUNXX-260708,1305/3495/2026/27,Lome,USD,,,"3,718.00",0.20,20,White Goods,"18,590.00",9/30/2026,30-Sep-2026,,,Payment Processed,CITI,10-Oct-2026,,,,,,,,18,
7/17/2026 12:14:29,17-Jul-2026,ulrica@sunshineltd.com,Ulrica,20-Jul-2026,Jul-2026,Sichuan Cotton and Ramie Group Corporation,7353,1089/7353/2026-27,Lome,USD,,,"10,000.00",0.06,6,Textile,"179,820.00",8/15/2026,15-Aug-2026,,,Payment Processed,CITI,25-Aug-2026,,,,,,,,15,
7/17/2026 12:16:49,17-Jul-2026,ulrica@sunshineltd.com,Ulrica,20-Jul-2026,Jul-2026,"HUAFANG CO., LTD.",7340,1151/7340/2026-27,Cotonou,USD,,,"30,000.00",0.28,28,Textile,"108,630.00",8/25/2026,25-Aug-2026,,,Payment Processed,CITI,04-Sep-2026,,,,,,,,15,
7/17/2026 12:17:40,17-Jul-2026,ulrica@sunshineltd.com,Ulrica,20-Jul-2026,Jul-2026,"HUAFANG CO., LTD.",7339,097/7339/2026-27,Cotonou,USD,,,"30,000.00",0.28,28,Textile,"108,630.00",8/15/2026,15-Aug-2026,,,Payment Processed,CITI,25-Aug-2026,,,,,,,,15,
7/17/2026 14:29:44,17-Jul-2026,ulrica@sunshineltd.com,Ulrica,20-Jul-2026,Jul-2026,Sichuan Cotton and Ramie Group Corporation,7355,1090/7355+7364/2026-27,Cotonou,USD,,,"10,000.00",0.11,11,Textile,"93,312.00",8/15/2026,15-Aug-2026,,,Payment Processed,CITI,25-Aug-2026,,,,,,,,15,
7/20/2026 13:19:31,20-Jul-2026,joey@sunshineltd.com,Joey,21-Jul-2026,Jul-2026,"YANGZHOU CIMC TONGHUA SPECIAL VEHICLES CO., LTD.",SUNSHINE/THT/LXQ-2601,236/3154/2026-27,Conakry,USD,,,"97,300.00",0.70,70,Automobile,"139,000.00",7/31/2026,31-Jul-2026,,GOODS WILL FINISH THIS WEEK AND SHIP THE FIRST AVAILABLE VESSEL,Payment Processed,DBS,10-Aug-2026,,,,,,4,,14,
7/20/2026 15:17:38,20-Jul-2026,joey@sunshineltd.com,Joey,21-Jul-2026,Jul-2026,AFRINEXT OVERSEAS PRIVATE LIMITED,IN/FRO/002/26-27,1329/3511/2026-27,Fronext,USD,,,"103,787.78",1.00,100,Hardware - Building Material,"103,787.78",8/7/2026,07-Aug-2026,,,Payment Processed,,17-Aug-2026,,,,,,,,14,
7/20/2026 15:34:22,20-Jul-2026,asta@sunshineltd.com,Asta,24-Jul-2026,Jul-2026,MINERVA FOODS FZE,SO/7140-1U,1327/3509/2026-27,Point Noire,USD,,,"21,000.00",0.30,30,Frozen,"70,000.00",8/17/2026,17-Aug-2026,,,Payment Processed,CITI,27-Aug-2026,,,,,,,,11,
7/20/2026 15:36:37,20-Jul-2026,asta@sunshineltd.com,Asta,27-Jul-2026,Jul-2026,FRIGOMERC S.A.,26176,1267/3474/2026-27,Point Noire,USD,,,"21,000.00",0.30,30,Frozen,"70,000.00",8/10/2026,10-Aug-2026,,,Payment Processed,CITI,20-Aug-2026,,,,,,,,8,
7/20/2026 20:11:07,20-Jul-2026,robin@sunshineltd.com,Robin,21-Jul-2026,Jul-2026,"QINGDAO AIERSANG INTERNATIONAL TRADE CO., LTD.",26YK1301,519/3551/2026-27,Mali,USD,,,"2,301.00",0.10,10,Hardware - Building Material,"23,010.00",8/31/2026,31-Aug-2026,,,Payment Processed,CIT ,10-Sep-2026,,,,,,,,14,
7/20/2026 20:12:12,20-Jul-2026,robin@sunshineltd.com,Robin,21-Jul-2026,Jul-2026,"TAIZHOU HAODE MACHINERY AND ELECTRONICS CO., LTD.",2026LMN0720-1,1289/3485/2026-27,Dicam,USD,,,"10,142.60",0.20,20,Hardware - Engine & Generator,"50,713.00",8/31/2026,31-Aug-2026,,,Payment Processed,CITI,10-Sep-2026,,,,,,,,14,
7/20/2026 21:04:52,20-Jul-2026,joey@sunshineltd.com,Joey,22-Jul-2026,Jul-2026,MILLENNIUM & LUBRICANTS MANUFACTURING LLC,PI-766,1353/3521/2026-27,Dicam,USD,,,"52,364.00",0.30,30,Automobile,"174,545.35",8/31/2026,31-Aug-2026,,,Payment Processed,DBS,10-Sep-2026,,,,,,,,13,
7/20/2026 21:13:24,20-Jul-2026,joey@sunshineltd.com,Joey,22-Jul-2026,Jul-2026,MILLENNIUM & LUBRICANTS MANUFACTURING LLC,PI-780,1354/3522/2026-27,Dicam,USD,,,"121,089.00",0.30,30,Automobile,"403,630.28",8/31/2026,31-Aug-2026,,,Payment Processed,DBS,10-Sep-2026,,,,,,,,13,
7/20/2026 21:14:30,20-Jul-2026,joey@sunshineltd.com,Joey,22-Jul-2026,Jul-2026,MILLENNIUM & LUBRICANTS MANUFACTURING LLC,PI-781,1355/3523/2026-27,Dicam,USD,,,"29,922.00",0.30,30,Automobile,"99,740.20",8/31/2026,31-Aug-2026,,,Payment Processed,DBS,10-Sep-2026,,,,,,,,13,
7/20/2026 21:20:51,20-Jul-2026,joey@sunshineltd.com,Joey,21-Jul-2026,Jul-2026,YOMAXX ENTERPRISE,SO/059/26-27,1356/3524/2026-27,Dicam,USD,,,"14,896.00",0.30,30,Automobile,"49,652.40",8/31/2026,31-Aug-2026,,,Payment Processed,DBS,10-Sep-2026,,,,,,,,14,
7/20/2026 21:22:27,20-Jul-2026,joey@sunshineltd.com,Joey,21-Jul-2026,Jul-2026,YOMAXX ENTERPRISE,SO/061/26-27,1357/3525/2026-27,Dicam,USD,,,"20,684.00",0.30,30,Automobile,"68,947.20",8/31/2026,31-Aug-2026,,,Payment Processed,DBS,10-Sep-2026,,,,,,,,14,
7/20/2026 21:26:19,20-Jul-2026,joey@sunshineltd.com,Joey,21-Jul-2026,Jul-2026,YOMAXX ENTERPRISE,so/060/26-27,1358/3526/2026-27,Dicam,USD,,,"14,896.00",0.30,30,Automobile,"49,652.40",8/31/2026,31-Aug-2026,,,Payment Processed,DBS,10-Sep-2026,,,,,,,,14,
7/20/2026 21:32:27,20-Jul-2026,joey@sunshineltd.com,Joey,21-Jul-2026,Jul-2026,YOMAXX ENTERPRISE,SO/062/26-27,1359/3527/2026-27,Dicam,USD,,,"27,211.00",0.30,30,Automobile,"90,705.00",8/31/2026,31-Aug-2026,,,Payment Processed,DBS,10-Sep-2026,,,,,,,,14,
7/20/2026 21:33:40,20-Jul-2026,joey@sunshineltd.com,Joey,21-Jul-2026,Jul-2026,YOMAXX ENTERPRISE,SO/063/26-27,1360/3528/2026-27,Dicam,USD,,,"28,697.00",0.30,30,Automobile,"95,655.70",8/31/2026,31-Aug-2026,,,Payment Processed,DBS,10-Sep-2026,,,,,,,,14,
7/20/2026 21:35:51,20-Jul-2026,joey@sunshineltd.com,Joey,21-Jul-2026,Jul-2026,"SHANDONG TRANSTONE TYRE CO., LTD.",T26T060,1361/3529/2026-27,Dicam,USD,,,"25,650.00",0.20,20,Automobile,"128,248.00",8/17/2026,17-Aug-2026,,,Payment Processed,CITI ,27-Aug-2026,,,,,,,,14,
7/20/2026 21:37:08,20-Jul-2026,joey@sunshineltd.com,Joey,21-Jul-2026,Jul-2026,KENZOL MULTI INDUSTRIES FZC,EST-001698,1362/3530/20026-27,Dicam,USD,,,"46,169.00",0.14,14,Automobile,"322,345.00",8/31/2026,31-Aug-2026,,,Payment Processed,CITI,10-Sep-2026,,,,,,,,14,
7/21/2026 19:28:22,21-Jul-2026,robin@sunshineltd.com,Robin,22-Jul-2026,Jul-2026,TANGSHAN SANFA HARDWARE FACTORY,TSSF26052,1312/3540/2026-27,Fronext,USD,,,"1,179.60",0.10,10,Hardware - Building Material,"11,796.00",8/31/2026,31-Aug-2026,,,Payment Processed,CITI,10-Sep-2026,,,,,,,,13,
7/21/2026 19:29:50,21-Jul-2026,robin@sunshineltd.com,Robin,22-Jul-2026,Jul-2026,"DINGZHOU CITY RUILI NAILS PRODUCTS CO., LTD.",JTMWR20260721,1312/3537/2026-27,Fronext,USD,,,918.00,0.10,10,Hardware - Building Material,"9,180.00",8/31/2026,31-Aug-2026,,,Payment Processed,CITI,10-Sep-2026,,,,,,,,13,
7/21/2026 19:31:43,21-Jul-2026,robin@sunshineltd.com,Robin,22-Jul-2026,Jul-2026,"Nanjing Jinhui Storage Equipment Co.,Ltd.",JH-I260721,1370/3536/2026-27,Fronext,USD,,,"4,128.60",1.00,100,Hardware - Building Material,"4,128.60",7/31/2026,31-Jul-2026,,,Payment Processed,CITI,10-Aug-2026,,,,,,4,,13,
7/22/2026 12:24:35,22-Jul-2026,robin@sunshineltd.com,Robin,22-Jul-2026,Jul-2026,"DINGZHOU CITY RUILI NAILS PRODUCTS CO., LTD.",JTMWR20260429D,1020/3117/2026-27,Cotonou,USD,,,"16,490.49",0.86,86,Hardware - Building Material,"19,273.50",7/31/2026,31-Jul-2026,,Balance amount,Payment Processed,CITI,10-Aug-2026,,,,,,4,,13,
7/22/2026 16:48:28,22-Jul-2026,robin@sunshineltd.com,Robin,23-Jul-2026,Jul-2026,YIWU ZHONGYONG TRADING COMPNAY,ZY0012,1247/3545/2026-27,Fronext,RMB,,,"15,345.00",0.30,30,Hardware - Building Material,"51,150.00",7/31/2026,31-Jul-2026,,,Payment Processed,CITI,10-Aug-2026,,,,,,4,,12,
7/23/2026 10:56:09,23-Jul-2026,asta@sunshineltd.com,Asta,24-Jul-2026,Jul-2026,SEARA MEATS BV,125233,1081/3370/2026-27,Point Noire,USD,,,"16,416.00",0.30,30,Frozen,"54,720.00",7/25/2026,25-Jul-2026,,,Payment Processed,CITI,04-Aug-2026,,,,,,10,,11,
7/23/2026 12:52:11,23-Jul-2026,joey@sunshineltd.com,Joey,24-Jul-2026,Jul-2026,F&B NUTRITION SDN BHD,39100140520,1291/3482/2026-27,Brazzavile,USD,,,"15,360.00",0.20,20,Food,"76,800.00",9/14/2026,14-Sep-2026,,,Payment Processed,CITI,24-Sep-2026,,,,,,,,11,
7/23/2026 12:53:22,23-Jul-2026,joey@sunshineltd.com,Joey,24-Jul-2026,Jul-2026,F&B NUTRITION SDN BHD,3910014021,1292/3483/2026-27,Brazzavile,USD,,,"15,360.00",0.20,20,Food,"76,800.00",9/20/2026,20-Sep-2026,,,Payment Processed,CITI,30-Sep-2026,,,,,,,,11,
7/23/2026 12:54:24,23-Jul-2026,joey@sunshineltd.com,Joey,24-Jul-2026,Jul-2026,F&B NUTRITION SDN BHD,3910014059,1364/3512/2026-27,Point Noire,USD,,,"15,360.00",0.20,20,Food,"76,800.00",9/5/2026,05-Sep-2026,,,Payment Processed,CITI,15-Sep-2026,,,,,,,,11,
7/23/2026 12:55:19,23-Jul-2026,joey@sunshineltd.com,Joey,24-Jul-2026,Jul-2026,F&B NUTRITION SDN BHD,39100140261,1365/3513/2026-27,Point Noire,USD,,,"15,360.00",0.20,20,Food,"76,800.00",9/21/2026,21-Sep-2026,,,Payment Processed,CITI,01-Oct-2026,,,,,,,,11,
7/23/2026 12:56:17,23-Jul-2026,joey@sunshineltd.com,Joey,24-Jul-2026,Jul-2026,F&B NUTRITION SDN BHD,3910014060,1366/3514/2026-27,Point Noire,USD,,,"15,360.00",0.20,20,Food,"76,800.00",10/19/2026,19-Oct-2026,,,Payment Processed,CITI,29-Oct-2026,,,,,,,,11,
7/24/2026 11:47:34,24-Jul-2026,yogesh.tulsiani@sunshineltd.com,Yogesh.Tulsiani,28-Jul-2026,Jul-2026,HK Hanyang international limited,LED0723-1,1383/3547/2026/27,Fizzen,USD,,,"29,484.00",0.20,20,White Goods,"147,420.00",8/31/2026,31-Aug-2026,,,Payment Processed,CITI,10-Sep-2026,,,,,,,,7,
7/24/2026 11:49:02,24-Jul-2026,yogesh.tulsiani@sunshineltd.com,Yogesh.Tulsiani,28-Jul-2026,Jul-2026,HK Hanyang international limited,LED0723-2,1382/3546/2026/27,Fizzen,USD,,,"28,470.00",0.20,20,White Goods,"142,350.00",8/31/2026,31-Aug-2026,,,Payment Processed,CITI,10-Sep-2026,,,,,,,,7,
7/24/2026 13:09:06,24-Jul-2026,joey@sunshineltd.com,Joey,28-Jul-2026,Jul-2026,"MITTO RUBBER TECHNOLOGY CO., LTD",MT260723-SUN011,1020/2718B+3290B+3117+3516/2026-27,Lome,USD,,,"20,460.00",1.00,100,Automobile,"20,460.00",7/31/2026,31-Jul-2026,,,Payment Processed,CITI,10-Aug-2026,,,,,,4,,7,
7/24/2026 13:12:17,24-Jul-2026,joey@sunshineltd.com,Joey,28-Jul-2026,Jul-2026,"NINGBO SINOVOE INTERNATIONAL CO., LTD.",KC-SSL069,1350/3515/2026-27,Mali,USD,,,"7,009.14",0.20,20,KITCHENWARE,"35,045.70",8/24/2026,24-Aug-2026,,,Payment Processed,CITI,03-Sep-2026,,,,,,,,7,
7/24/2026 22:20:05,24-Jul-2026,joey@sunshineltd.com,Joey,28-Jul-2026,Jul-2026,AAB (CHINA) CO LTD,26553 (PO3532/2026-27),1367/3532/2026-27,Point Noire,USD,,,"4,055.38",0.20,20,HYGEINE & PERSONAL CARE,"20,276.88",8/24/2026,24-Aug-2026,,,Payment Processed,CITI,03-Sep-2026,,,,,,,,7,
7/24/2026 22:21:48,24-Jul-2026,joey@sunshineltd.com,Joey,28-Jul-2026,Jul-2026,AAB (CHINA) CO LTD,26443b (PO3320b/2026-27),991/3320/2026-27,Brazzavile,USD,,,984.10,0.05,5,HYGEINE & PERSONAL CARE,"20,276.88",8/24/2026,24-Aug-2026,,,Payment Processed,CITI,03-Sep-2026,,,,,,,,7,
7/27/2026 10:25:59,27-Jul-2026,anil@sunshineltd.com,Anil,27-Jul-2026,Jul-2026,TIMBRO SWISS LTD,S61589,1324/3507,SASTEK INTERNATIONAL FZC,USD,,,"102,715.20",0.10,10,Commodities,"1,027,152.00",8/31/2026,31-Aug-2026,,,Payment Processed,CITI,10-Sep-2026,,,,,,,,8,
7/27/2026 10:31:06,27-Jul-2026,yogesh.tulsiani@sunshineltd.com,Yogesh.Tulsiani,28-Jul-2026,Jul-2026,"NINGBO HAILANG ELECTRIC APPLIANCE CO., LTD.",HL20260722SF1,1393/3556/2026/27,Lome,USD,,,"4,697.00",0.15,15,White Goods,"31,317.00",9/7/2026,07-Sep-2026,,,Payment Processed,CITI,17-Sep-2026,,,,,,,,7,
7/27/2026 10:32:45,27-Jul-2026,yogesh.tulsiani@sunshineltd.com,Yogesh.Tulsiani,28-Jul-2026,Jul-2026,"ZHEJIANG XINGXING REFRIGERATION CO., LTD.",SUNXX-260725,1394/3557/2026/27,Lome,USD,,,"3,486.00",0.20,20,White Goods,"17,430.00",9/7/2026,07-Sep-2026,,,Payment Processed,CITI,17-Sep-2026,,,,,,,,7,
7/27/2026 10:34:38,27-Jul-2026,yogesh.tulsiani@sunshineltd.com,Yogesh.Tulsiani,28-Jul-2026,Jul-2026,HK Hanyang international limited,LED0723-3,1395/3558/2026/27,Fizzen,USD,,,"16,140.00",0.20,20,White Goods,"80,700.00",8/31/2026,31-Aug-2026,,,Payment Processed,CITI,10-Sep-2026,,,,,,,,7,
7/27/2026 14:18:58,27-Jul-2026,asta@sunshineltd.com,Asta,28-Jul-2026,Jul-2026,HMA AGRO INDUSTRIES LTD,HMA/PI/717/2026-27,1385/3548/2026-27,Point Noire,USD,,,"17,640.00",0.30,30,Frozen,"58,800.00",8/17/2026,17-Aug-2026,,,Payment Processed,CITI,27-Aug-2026,,,,,,,,7,
7/27/2026 14:21:13,27-Jul-2026,asta@sunshineltd.com,Asta,28-Jul-2026,Jul-2026,HMA AGRO INDUSTRIES LTD,HMA/PI/718/2026-27,1386/3549/2026-27,Point Noire,USD,,,"42,840.00",0.30,30,Frozen,"142,800.00",8/17/2026,17-Aug-2026,,,Payment Processed,CITI,27-Aug-2026,,,,,,,,7,
7/27/2026 14:42:59,27-Jul-2026,robin@sunshineltd.com,Robin,28-Jul-2026,Jul-2026,"QINGDAO AIERSANG INTERNATIONAL TRADE CO., LTD.",26YK1309,1396/3559/2026-27 ,Cotonou,USD,,,"2,301.00",0.10,10,Hardware - Building Material,"23,010.00",8/29/2026,29-Aug-2026,,,Payment Processed,CITI,08-Sep-2026,,,,,,,,7,
7/27/2026 16:18:41,27-Jul-2026,joey@sunshineltd.com,Joey,29-Jul-2026,Jul-2026,HUAWIN INDUSTRY (HK) LIMITED,H-26-303110,1091/3374/2026-27,AARNEXT FARMACIA (SU) LDA.,USD,,,"19,236.00",0.30,30,Automobile,"64,120.00",10/25/2026,25-Oct-2026,,,Payment Processed,CITI,04-Nov-2026,,,,,,,,6,
7/27/2026 19:12:56,27-Jul-2026,joey@sunshineltd.com,Joey,28-Jul-2026,Jul-2026,AAB (CHINA) CO LTD,26420,220/3003+3252/2026-27,Cotonou,USD,,,"15,174.78",0.78,78,HYGEINE & PERSONAL CARE,"19,390.56",8/5/2026,05-Aug-2026,,"GOODS MIX LOAD WITH HARDWARE ON 05 AUG 26, NEED PAY BALANCE BEFORE DELIVERY",Payment Processed,CITI,15-Aug-2026,,,,,,,,7,
7/28/2026 11:15:53,28-Jul-2026,joey@sunshineltd.com,Joey,28-Jul-2026,Jul-2026,"YANGZHOU CIMC TONGHUA SPECIAL VEHICLES CO., LTD.",SUNSHINE/THT/LXQ-26044,1145/3384/2026-27,Point Noire,USD,,,"10,350.00",0.15,15,Automobile,"69,000.00",9/30/2026,30-Sep-2026,,,Payment Processed,DBS,10-Oct-2026,,,,,,,,7,
7/28/2026 11:17:12,28-Jul-2026,joey@sunshineltd.com,Joey,28-Jul-2026,Jul-2026,"BAODING GREAT WALL INTERNATIONAL TRADE CO., LTD.",GJIWA2607025P,1323/3506/2026-27,Point Noire,USD,,,"9,200.00",0.5,50,Automobile,"18,400.00",7/22/2026,22-Jul-2026,,,Payment Processed,CITI,01-Aug-2026,,,3,,,13,,7,
7/28/2026 12:16:33,28-Jul-2026,robin@sunshineltd.com,Robin,28-Jul-2026,Jul-2026,"TAIZHOU HAODE MACHINERY AND ELECTRONICS CO., LTD.",2026LMN0728,1409/3562/2026-27,Dicam,USD,,,"9,950.08",0.2,20,Hardware - Building Material,"49,750.40",8/31/2026,31-Aug-2026,,,Payment Processed,DBS,10-Sep-2026,,,,,,,,7,
7/28/2026 12:18:58,28-Jul-2026,robin@sunshineltd.com,Robin,28-Jul-2026,Jul-2026,"SHANDONG TANGUO INTERNATIONAL TRADE CO., LTD",TMLL20260728,1410/3563/2026-27,Dicam,USD,,,"12,896.00",0.2,20,Hardware - Building Material,"64,480.00",8/31/2026,31-Aug-2026,,,Payment Processed,DBS,10-Sep-2026,,,,,,,,7,
7/28/2026 12:20:28,28-Jul-2026,robin@sunshineltd.com,Robin,28-Jul-2026,Jul-2026,"CHANGZHOU YARMAX POWER CO.,LTD.",YM2607JU171,1411/3564/2026-27,Dicam,USD,,,"11,819.20",0.1,10,Hardware - Building Material,"118,192.00",8/31/2026,31-Aug-2026,,,Payment Processed,DBS,10-Sep-2026,,,,,,,,7,
7/28/2026 12:26:29,28-Jul-2026,robin@sunshineltd.com,Robin,28-Jul-2026,Jul-2026,"DINGZHOU CITY RUILI NAILS PRODUCTS CO., LTD.",JTMWR20260601B-1,220/3252/2026-27,Cotonou,USD,,,"15,224.95",0.8989403981,90,Hardware - Building Material,"16,936.55",7/31/2026,31-Jul-2026,,"GOODS MIX LOAD WITH DIAPER ON 05 AUG 26, NEED PAY BALANCE BEFORE DELIVERY",Payment Processed,DBS,10-Aug-2026,,,,,,4,,7,
7/28/2026 15:52:22,28-Jul-2026,joey@sunshineltd.com,Joey,29-Jul-2026,Jul-2026,"YOG AUTO MOBILE PARTS CO., LTD.",M11,704/3206/2026-27,Cotonou,RMB,,,"272,759.77",0.7000905966,70,Automobile,"389,606.39",8/1/2026,01-Aug-2026,,,Payment Processed,CITI,11-Aug-2026,,,,,,3,,6,
7/29/2026 11:33:09,29-Jul-2026,robin@sunshineltd.com,Robin,29-Jul-2026,Jul-2026,"CHANGZHOU YARMAX POWER CO.,LTD.",YM2026JU146,1074/3365/2026-27,Dicam,USD,,,"92,971.80",0.8878895245,89,Hardware - Engine & Generator,"104,711.00",8/2/2026,02-Aug-2026,,"Balance payment , pay before ship",Payment Processed,CITI,12-Aug-2026,6-Aug-2026,,,#REF!,,4,,6,
7/29/2026 13:16:46,29-Jul-2026,joey@sunshineltd.com,Joey,30-Jul-2026,Jul-2026,DABUR INTENATIONAL FZE,2231142 & 2231143,1414/3567/2026-27,SKTN,USD,,,"33,475.00",0.5,50,HYGEINE & PERSONAL CARE,"66,950.00",8/7/2026,07-Aug-2026,,,Payment Processed,CITI,17-Aug-2026,,,,,,,,5,
7/29/2026 18:18:50,29-Jul-2026,joey@sunshineltd.com,Joey,30-Jul-2026,Jul-2026,"GUANGDONG SWEET SIXTEEN FOODS CO., LTD",SW26071201,1250/3459/2026-27,NARESH BURKINA FASO,USD,,,"26,210.64",0.3,30,Food,"87,368.80",9/15/2026,15-Sep-2026,,,Payment Processed,CITI,25-Sep-2026,,,,,,,,5,
7/29/2026 19:37:07,29-Jul-2026,joey@sunshineltd.com,Joey,30-Jul-2026,Jul-2026,GPS DIESEL SUPPLY ASIA LIMITED,GPS-INV260728,946/3277/2026-27,Conakry,USD,,,"6,185.00",0.5,50,Machinary,"12,370.00",8/29/2026,29-Aug-2026,,,Payment Processed,CITI,08-Sep-2026,,,,,,,,5,
7/30/2026 15:30:43,30-Jul-2026,connie@sunshineltd.com,Connie,31-Jul-2026,Jul-2026,BINZHOU YUYI TEXTILE SCIENCE&TECHNOLOGY CO. LTD,7372,1309/7372/26-27,Cabinda,USD,,,"99,840.00",1,100,Textile,"99,840.00",8/10/2026,10-Aug-2026,,,Payment Processed,CITI,20-Aug-2026,,,,,,,,4,
7/30/2026 15:43:59,30-Jul-2026,robin@sunshineltd.com,Robin,31-Jul-2026,Jul-2026,YIWU ZHONGYONG TRADING COMPNAY,ZY0011/0014/0015,1026/3351+3112/2026-27,Fronext,RMB,,,"235,194.00",0.6999988095,70,Hardware - Building Material,"335,992.00",8/7/2026,07-Aug-2026,,,Payment Processed,CITI,17-Aug-2026,,,,,,,,4,
7/30/2026 16:20:50,30-Jul-2026,yogesh.tulsiani@sunshineltd.com,Yogesh.Tulsiani,31-Jul-2026,Jul-2026,HK Hanyang international limited,LED0730,1446/3572/2026/27,Mali,USD,,,"26,198.00",0.1999969464,20,White Goods,"130,992.00",9/15/2026,15-Sep-2026,,,Payment Processed,CITI,25-Sep-2026,,,,,,,,4,
7/31/2026 18:53:34,31-Jul-2026,joey@sunshineltd.com,Joey,03-Aug-2026,Aug-2026,"TIANJIN SHINHOO FOOD CO.,LTD.",SHFD260353,1351/3517/2026-27,NARESH BURKINA FASO,USD,,,"4,168.08",0.1,10,Food,"41,680.80",8/28/2026,28-Aug-2026,,,Payment Processed,CITI,07-Sep-2026,,,,,,,,1,
7/31/2026 18:55:32,31-Jul-2026,joey@sunshineltd.com,Joey,03-Aug-2026,Aug-2026,"ZHEJIANG WINFUL I/E CO., LTD.",2026JE0295,1283/3573/2026-27,Brazzavile,USD,,,"3,937.77",0.2,20,Food,"19,688.85",8/31/2026,31-Aug-2026,,,Payment Processed,CITI,10-Sep-2026,,,,,,,,1,
7/31/2026 19:34:05,31-Jul-2026,joey@sunshineltd.com,Joey,03-Aug-2026,Aug-2026,AAB (CHINA) CO LTD,26580(PO3576/202627),1166/7350+7359+7365+3576/2026-27,Point Noire,USD,,,"4,277.28",1,100,HYGEINE & PERSONAL CARE,"4,277.28",9/4/2026,04-Sep-2026,,,Payment Processed,CITI,14-Sep-2026,,,,,,,,1,
7/31/2026 19:36:00,31-Jul-2026,joey@sunshineltd.com,Joey,03-Aug-2026,Aug-2026,AAB (CHINA) CO LTD,26581(PO3577/2026-27),1451/3577/2026-27,Point Noire,USD,,,"4,055.38",0.2000001973,20,HYGEINE & PERSONAL CARE,"20,276.88",9/4/2026,04-Sep-2026,,,Payment Processed,CITI,14-Sep-2026,,,,,,,,1,
7/31/2026 19:38:45,31-Jul-2026,joey@sunshineltd.com,Joey,03-Aug-2026,Aug-2026,AAB (CHINA) CO LTD,26578(PO3534/2026-27),1449/3533+354/2026-27,Point Noire,USD,,,"14,279.04",1,100,HYGEINE & PERSONAL CARE,"14,279.04",9/4/2026,04-Sep-2026,,,Payment Processed,CITI,14-Sep-2026,,,,,,,,1,
7/31/2026 19:39:53,31-Jul-2026,joey@sunshineltd.com,Joey,03-Aug-2026,Aug-2026,AAB (CHINA) CO LTD,26579(PO3575/2026-27),1450/3574+3575/2026-27,Point Noire,USD,,,"14,163.26",1,100,HYGEINE & PERSONAL CARE,"14,163.26",9/4/2026,04-Sep-2026,,,Payment Processed,CITI,14-Sep-2026,,,,,,,,1,
7/31/2026 19:42:34,31-Jul-2026,joey@sunshineltd.com,Joey,03-Aug-2026,Aug-2026,"SICHUAN PROVINCE HUIQUAN CANNED FOOD CO., LTD",20260731A PO3533,1449/3533+3534/2026-27,Point Noire,USD,,,"3,443.20",0.1,10,Food,"34,432.00",9/4/2026,04-Sep-2026,,,Payment Processed,CITI,14-Sep-2026,,,,,,,,1,
7/31/2026 19:45:13,31-Jul-2026,joey@sunshineltd.com,Joey,03-Aug-2026,Aug-2026,"SICHUAN PROVINCE HUIQUAN CANNED FOOD CO., LTD",20260731B PO3574,1450/3574+3575/2026-27,Point Noire,USD,,,"3,349.76",0.1,10,Food,"33,497.60",9/25/2026,25-Sep-2026,,,Payment Processed,CITI,05-Oct-2026,,,,,,,,1,
8/3/2026 12:01:36,03-Aug-2026,tricia@sunshineltd.com,Tricia,03-Aug-2026,Aug-2026,Ashok Leyland Ltd,EXP/ROC/2026/011,1467,Cotonou,USD,,,"311,082.35",1,100,Sundry,"311,082.35",8/3/2026,03-Aug-2026,,,Payment Processed,CITI,13-Aug-2026,,,,,,1,,1,
8/3/2026 13:22:38,03-Aug-2026,joey@sunshineltd.com,Joey,04-Aug-2023,Aug-2023,"ZHANGZHOU GREENCAN FOOD CO., LTD.",CGC2626,1464/3588+3589/2026-27,Point Noire,USD,,,"5,494.00",0.2,20,Food,"27,470.00",8/31/2026,31-Aug-2026,,,Payment Processed,CITI,10-Sep-2026,,,,,,,,1096,
8/3/2026 15:01:57,03-Aug-2026,connie@sunshineltd.com,Connie,04-Aug-2023,Aug-2023,HITARGET HONG KONG LIMITED,7335/35785,296/7335/26-27,Lome,USD,,,"20,000.00",0.1745200698,17,Textile,"114,600.00",10/30/2026,30-Oct-2026,,,Payment Processed,CITI,09-Nov-2026,,,,,,,,1096,
8/3/2026 15:08:29,03-Aug-2026,robin@sunshineltd.com,Robin,04-Aug-2023,Aug-2023,"QINGDAO AIERSANG INTERNATIONAL TRADE CO., LTD.",26YK1298,1288/3480/2026-27,Fronext,USD,,,209.58,0.1,10,Hardware - Building Material,"2,095.80",8/15/2026,15-Aug-2026,,,Payment Processed,CITI,25-Aug-2026,,,,,,,,1096,
8/3/2026 15:09:45,03-Aug-2026,robin@sunshineltd.com,Robin,04-Aug-2023,Aug-2023,YIWU ZHONGYONG TRADING COMPNAY,ZY0015,1398/3561/2026-27,Fronext,RMB,,,"12,600.00",0.3,30,Hardware - Building Material,"42,000.00",8/8/2026,08-Aug-2026,,,Payment Processed,CITI,18-Aug-2026,,,,,,,,1096,
8/3/2026 18:19:48,03-Aug-2026,robin@sunshineltd.com,Robin,04-Aug-2023,Aug-2023,"TAIZHOU HAODE MACHINERY AND ELECTRONICS CO., LTD.",2026LMN0727,1397/3560/2026-27,Cotonou,USD,,,"9,475.40",0.2,20,Hardware - Engine & Generator,"47,377.00",9/30/2026,30-Sep-2026,,,Payment Processed,CITI,10-Oct-2026,,,,,,,,1096,
8/3/2026 18:52:18,03-Aug-2026,joey@sunshineltd.com,Joey,04-Aug-2023,Aug-2023,AAB (CHINA) CO LTD,26584 (PO3589/2026-27),1464/3589+3588/2026-27,Point Noire,USD,,,"10,902.24",1,100,HYGEINE & PERSONAL CARE,"10,902.24",9/15/2026,15-Sep-2026,,,Payment Processed,CITI,25-Sep-2026,,,,,,,,1096,